dev_id,date,messages_sent,avg_response_hours
D01,2025-10-04,8,2.76
D01,2025-10-05,5,3.32
D01,2025-10-06,8,2.42
D01,2025-10-07,8,1.47
D01,2025-10-08,4,3.34
D01,2025-10-09,12,1.75
D01,2025-10-10,4,2.27
D01,2025-10-11,10,1.41
D01,2025-10-12,10,3.41
D01,2025-10-13,11,1.88
D01,2025-10-14,5,1.23
D01,2025-10-15,5,3.52
D01,2025-10-16,13,2.13
D01,2025-10-17,4,3.84
D01,2025-10-18,7,2.84
D01,2025-10-19,9,3.26
D01,2025-10-20,12,1.83
D01,2025-10-21,5,2.1
D01,2025-10-22,11,2.04
D01,2025-10-23,11,3.96
D01,2025-10-24,13,1.55
D01,2025-10-25,6,2.18
D01,2025-10-26,10,2.45
D01,2025-10-27,11,2.66
D01,2025-10-28,8,3.67
D01,2025-10-29,6,2.81
D01,2025-10-30,8,1.22
D01,2025-10-31,6,3.77
D01,2025-11-01,10,2.84
D01,2025-11-02,7,1.18
D01,2025-11-03,8,2.78
D01,2025-11-04,13,1.77
D01,2025-11-05,9,2.77
D01,2025-11-06,7,2.35
D01,2025-11-07,8,1.48
D01,2025-11-08,13,3.91
D01,2025-11-09,11,3.38
D01,2025-11-10,8,3.29
D01,2025-11-11,11,3.62
D01,2025-11-12,10,3.69
D01,2025-11-13,5,3.68
D01,2025-11-14,6,1.7
D01,2025-11-15,10,2.53
D01,2025-11-16,6,2.56
D01,2025-11-17,11,2.91
D01,2025-11-18,5,1.01
D01,2025-11-19,13,1.3
D01,2025-11-20,12,1.99
D01,2025-11-21,12,2.4
D01,2025-11-22,4,2.46
D01,2025-11-23,6,2.14
D01,2025-11-24,0,7.54
D01,2025-11-25,0,7.63
D01,2025-11-26,0,11.86
D01,2025-11-27,0,7.27
D01,2025-11-28,0,6.2
D01,2025-11-29,1,9.71
D01,2025-11-30,0,8.0
D01,2025-12-01,1,11.62
D01,2025-12-02,1,10.04
D01,2025-12-03,0,6.54
D01,2025-12-04,2,9.06
D01,2025-12-05,0,6.63
D01,2025-12-06,0,6.05
D01,2025-12-07,2,10.01
D01,2025-12-08,0,7.28
D01,2025-12-09,0,9.21
D01,2025-12-10,0,9.57
D01,2025-12-11,1,9.43
D01,2025-12-12,2,7.8
D01,2025-12-13,0,11.89
D01,2025-12-14,0,7.45
D01,2025-12-15,2,6.6
D01,2025-12-16,0,8.23
D01,2025-12-17,0,7.01
D01,2025-12-18,2,9.66
D01,2025-12-19,1,11.54
D01,2025-12-20,1,11.03
D01,2025-12-21,2,10.24
D01,2025-12-22,2,6.47
D01,2025-12-23,1,10.44
D01,2025-12-24,0,10.03
D01,2025-12-25,2,9.88
D01,2025-12-26,1,11.94
D01,2025-12-27,1,11.91
D01,2025-12-28,1,10.68
D01,2025-12-29,1,6.49
D01,2025-12-30,2,11.33
D01,2025-12-31,1,8.46
D01,2026-01-01,0,11.34
D02,2025-10-04,13,1.77
D02,2025-10-05,13,3.11
D02,2025-10-06,14,2.8
D02,2025-10-07,6,3.86
D02,2025-10-08,8,3.83
D02,2025-10-09,14,2.41
D02,2025-10-10,5,3.67
D02,2025-10-11,12,2.27
D02,2025-10-12,8,3.16
D02,2025-10-13,11,3.46
D02,2025-10-14,10,2.05
D02,2025-10-15,8,2.39
D02,2025-10-16,8,2.26
D02,2025-10-17,13,1.02
D02,2025-10-18,5,2.3
D02,2025-10-19,8,1.42
D02,2025-10-20,11,2.92
D02,2025-10-21,11,3.37
D02,2025-10-22,6,1.34
D02,2025-10-23,5,2.96
D02,2025-10-24,10,1.31
D02,2025-10-25,5,1.27
D02,2025-10-26,4,2.03
D02,2025-10-27,4,1.57
D02,2025-10-28,10,3.08
D02,2025-10-29,6,1.45
D02,2025-10-30,12,2.05
D02,2025-10-31,10,2.02
D02,2025-11-01,4,3.59
D02,2025-11-02,5,3.44
D02,2025-11-03,14,3.37
D02,2025-11-04,12,1.16
D02,2025-11-05,5,2.97
D02,2025-11-06,4,1.68
D02,2025-11-07,12,1.98
D02,2025-11-08,10,2.49
D02,2025-11-09,5,3.43
D02,2025-11-10,13,1.44
D02,2025-11-11,11,3.35
D02,2025-11-12,14,2.01
D02,2025-11-13,7,1.15
D02,2025-11-14,11,2.49
D02,2025-11-15,5,3.49
D02,2025-11-16,12,2.26
D02,2025-11-17,11,3.86
D02,2025-11-18,8,2.19
D02,2025-11-19,8,2.7
D02,2025-11-20,12,3.25
D02,2025-11-21,7,3.14
D02,2025-11-22,4,2.87
D02,2025-11-23,10,3.24
D02,2025-11-24,12,2.5
D02,2025-11-25,9,2.65
D02,2025-11-26,11,1.62
D02,2025-11-27,4,3.47
D02,2025-11-28,7,3.88
D02,2025-11-29,11,2.62
D02,2025-11-30,6,3.82
D02,2025-12-01,12,3.21
D02,2025-12-02,12,3.48
D02,2025-12-03,11,1.47
D02,2025-12-04,5,2.61
D02,2025-12-05,4,2.58
D02,2025-12-06,4,1.91
D02,2025-12-07,5,4.0
D02,2025-12-08,6,1.13
D02,2025-12-09,8,3.06
D02,2025-12-10,10,3.94
D02,2025-12-11,6,3.64
D02,2025-12-12,7,2.18
D02,2025-12-13,5,1.54
D02,2025-12-14,14,3.56
D02,2025-12-15,4,3.34
D02,2025-12-16,12,3.1
D02,2025-12-17,8,1.45
D02,2025-12-18,14,2.71
D02,2025-12-19,13,2.38
D02,2025-12-20,4,2.55
D02,2025-12-21,14,2.96
D02,2025-12-22,10,1.15
D02,2025-12-23,7,2.27
D02,2025-12-24,12,1.76
D02,2025-12-25,11,3.94
D02,2025-12-26,9,1.8
D02,2025-12-27,13,2.53
D02,2025-12-28,4,2.85
D02,2025-12-29,12,1.02
D02,2025-12-30,4,3.48
D02,2025-12-31,8,3.08
D02,2026-01-01,5,2.38
D03,2025-10-04,7,3.35
D03,2025-10-05,9,2.7
D03,2025-10-06,5,1.9
D03,2025-10-07,7,2.07
D03,2025-10-08,4,2.41
D03,2025-10-09,5,3.61
D03,2025-10-10,14,3.29
D03,2025-10-11,11,2.93
D03,2025-10-12,6,1.89
D03,2025-10-13,9,2.78
D03,2025-10-14,4,1.41
D03,2025-10-15,7,3.27
D03,2025-10-16,10,3.12
D03,2025-10-17,14,1.61
D03,2025-10-18,5,3.03
D03,2025-10-19,9,2.05
D03,2025-10-20,12,2.29
D03,2025-10-21,9,1.82
D03,2025-10-22,5,2.16
D03,2025-10-23,5,1.66
D03,2025-10-24,7,2.37
D03,2025-10-25,6,1.63
D03,2025-10-26,10,2.52
D03,2025-10-27,13,1.68
D03,2025-10-28,8,1.97
D03,2025-10-29,11,1.62
D03,2025-10-30,5,1.28
D03,2025-10-31,11,1.22
D03,2025-11-01,5,1.9
D03,2025-11-02,12,2.63
D03,2025-11-03,14,3.42
D03,2025-11-04,10,1.92
D03,2025-11-05,8,2.96
D03,2025-11-06,9,3.81
D03,2025-11-07,14,3.87
D03,2025-11-08,6,2.21
D03,2025-11-09,6,3.97
D03,2025-11-10,12,1.89
D03,2025-11-11,10,3.97
D03,2025-11-12,10,2.4
D03,2025-11-13,5,3.62
D03,2025-11-14,10,2.81
D03,2025-11-15,9,2.03
D03,2025-11-16,6,3.69
D03,2025-11-17,7,1.05
D03,2025-11-18,5,3.49
D03,2025-11-19,10,1.0
D03,2025-11-20,10,1.99
D03,2025-11-21,8,2.96
D03,2025-11-22,13,2.7
D03,2025-11-23,7,2.74
D03,2025-11-24,8,2.61
D03,2025-11-25,7,1.27
D03,2025-11-26,10,3.0
D03,2025-11-27,9,3.84
D03,2025-11-28,9,1.77
D03,2025-11-29,8,3.4
D03,2025-11-30,8,3.04
D03,2025-12-01,11,1.06
D03,2025-12-02,10,2.46
D03,2025-12-03,12,2.58
D03,2025-12-04,7,2.84
D03,2025-12-05,9,2.9
D03,2025-12-06,8,2.91
D03,2025-12-07,14,1.88
D03,2025-12-08,6,3.34
D03,2025-12-09,10,3.03
D03,2025-12-10,6,3.35
D03,2025-12-11,7,3.7
D03,2025-12-12,9,1.18
D03,2025-12-13,9,1.39
D03,2025-12-14,12,2.64
D03,2025-12-15,11,1.33
D03,2025-12-16,6,2.51
D03,2025-12-17,12,2.11
D03,2025-12-18,14,2.72
D03,2025-12-19,13,1.3
D03,2025-12-20,8,1.26
D03,2025-12-21,7,3.72
D03,2025-12-22,6,1.79
D03,2025-12-23,11,3.05
D03,2025-12-24,6,3.84
D03,2025-12-25,14,1.7
D03,2025-12-26,6,2.92
D03,2025-12-27,13,2.88
D03,2025-12-28,5,1.09
D03,2025-12-29,9,2.32
D03,2025-12-30,10,3.4
D03,2025-12-31,4,1.83
D03,2026-01-01,6,2.41
D04,2025-10-04,7,1.38
D04,2025-10-05,12,2.35
D04,2025-10-06,4,2.8
D04,2025-10-07,7,3.6
D04,2025-10-08,7,1.46
D04,2025-10-09,6,1.1
D04,2025-10-10,11,3.21
D04,2025-10-11,13,3.96
D04,2025-10-12,11,1.25
D04,2025-10-13,7,2.73
D04,2025-10-14,11,2.89
D04,2025-10-15,9,3.58
D04,2025-10-16,7,3.17
D04,2025-10-17,7,1.93
D04,2025-10-18,9,1.12
D04,2025-10-19,9,3.74
D04,2025-10-20,12,1.24
D04,2025-10-21,6,2.47
D04,2025-10-22,14,2.69
D04,2025-10-23,7,2.61
D04,2025-10-24,8,1.65
D04,2025-10-25,12,3.43
D04,2025-10-26,10,3.14
D04,2025-10-27,12,2.21
D04,2025-10-28,5,1.82
D04,2025-10-29,4,1.72
D04,2025-10-30,8,1.5
D04,2025-10-31,5,1.73
D04,2025-11-01,11,2.75
D04,2025-11-02,12,1.14
D04,2025-11-03,8,2.37
D04,2025-11-04,5,1.7
D04,2025-11-05,6,3.77
D04,2025-11-06,13,1.74
D04,2025-11-07,5,1.8
D04,2025-11-08,10,3.01
D04,2025-11-09,14,2.34
D04,2025-11-10,7,1.32
D04,2025-11-11,14,3.28
D04,2025-11-12,13,2.45
D04,2025-11-13,8,2.81
D04,2025-11-14,9,2.14
D04,2025-11-15,7,2.01
D04,2025-11-16,6,1.88
D04,2025-11-17,11,3.24
D04,2025-11-18,13,1.67
D04,2025-11-19,6,3.24
D04,2025-11-20,10,3.66
D04,2025-11-21,9,2.56
D04,2025-11-22,7,3.54
D04,2025-11-23,14,1.52
D04,2025-11-24,1,7.28
D04,2025-11-25,2,7.37
D04,2025-11-26,1,9.09
D04,2025-11-27,0,10.17
D04,2025-11-28,0,7.5
D04,2025-11-29,0,11.02
D04,2025-11-30,1,7.7
D04,2025-12-01,2,8.93
D04,2025-12-02,2,10.51
D04,2025-12-03,0,10.33
D04,2025-12-04,1,10.75
D04,2025-12-05,2,7.09
D04,2025-12-06,2,8.74
D04,2025-12-07,1,8.44
D04,2025-12-08,2,7.01
D04,2025-12-09,1,8.62
D04,2025-12-10,0,6.73
D04,2025-12-11,0,10.67
D04,2025-12-12,0,10.46
D04,2025-12-13,2,6.5
D04,2025-12-14,0,9.68
D04,2025-12-15,0,11.42
D04,2025-12-16,0,10.19
D04,2025-12-17,2,10.41
D04,2025-12-18,1,10.97
D04,2025-12-19,1,7.84
D04,2025-12-20,2,8.35
D04,2025-12-21,2,9.77
D04,2025-12-22,1,11.78
D04,2025-12-23,1,8.81
D04,2025-12-24,1,10.4
D04,2025-12-25,0,11.54
D04,2025-12-26,2,6.03
D04,2025-12-27,2,9.5
D04,2025-12-28,0,10.58
D04,2025-12-29,0,11.37
D04,2025-12-30,1,9.1
D04,2025-12-31,1,7.93
D04,2026-01-01,0,6.66
D05,2025-10-04,12,1.41
D05,2025-10-05,7,3.41
D05,2025-10-06,8,2.97
D05,2025-10-07,4,3.01
D05,2025-10-08,13,3.0
D05,2025-10-09,5,1.98
D05,2025-10-10,7,2.86
D05,2025-10-11,8,2.84
D05,2025-10-12,7,2.64
D05,2025-10-13,7,3.81
D05,2025-10-14,4,1.48
D05,2025-10-15,14,3.15
D05,2025-10-16,14,2.84
D05,2025-10-17,9,2.13
D05,2025-10-18,14,1.58
D05,2025-10-19,5,1.53
D05,2025-10-20,8,2.84
D05,2025-10-21,10,2.44
D05,2025-10-22,13,1.36
D05,2025-10-23,8,1.41
D05,2025-10-24,7,1.05
D05,2025-10-25,4,3.4
D05,2025-10-26,6,3.09
D05,2025-10-27,14,2.36
D05,2025-10-28,5,1.88
D05,2025-10-29,4,1.49
D05,2025-10-30,9,3.87
D05,2025-10-31,4,1.58
D05,2025-11-01,9,3.47
D05,2025-11-02,14,2.15
D05,2025-11-03,7,2.3
D05,2025-11-04,12,2.29
D05,2025-11-05,4,3.09
D05,2025-11-06,8,3.3
D05,2025-11-07,9,3.47
D05,2025-11-08,11,3.69
D05,2025-11-09,14,2.44
D05,2025-11-10,9,3.25
D05,2025-11-11,5,1.3
D05,2025-11-12,7,1.17
D05,2025-11-13,8,3.99
D05,2025-11-14,10,3.38
D05,2025-11-15,7,2.28
D05,2025-11-16,14,2.24
D05,2025-11-17,10,1.64
D05,2025-11-18,7,3.56
D05,2025-11-19,13,1.45
D05,2025-11-20,7,2.13
D05,2025-11-21,13,2.06
D05,2025-11-22,6,2.12
D05,2025-11-23,7,2.97
D05,2025-11-24,6,3.06
D05,2025-11-25,14,1.58
D05,2025-11-26,13,1.72
D05,2025-11-27,6,2.37
D05,2025-11-28,6,2.35
D05,2025-11-29,4,3.87
D05,2025-11-30,10,3.65
D05,2025-12-01,5,2.61
D05,2025-12-02,4,3.41
D05,2025-12-03,10,3.63
D05,2025-12-04,6,2.04
D05,2025-12-05,9,1.62
D05,2025-12-06,10,2.87
D05,2025-12-07,14,2.96
D05,2025-12-08,5,2.0
D05,2025-12-09,11,3.92
D05,2025-12-10,13,2.2
D05,2025-12-11,11,3.56
D05,2025-12-12,11,2.02
D05,2025-12-13,14,2.59
D05,2025-12-14,10,2.28
D05,2025-12-15,14,3.65
D05,2025-12-16,4,1.51
D05,2025-12-17,14,2.31
D05,2025-12-18,4,3.72
D05,2025-12-19,4,2.64
D05,2025-12-20,5,1.89
D05,2025-12-21,11,3.41
D05,2025-12-22,12,3.38
D05,2025-12-23,12,1.34
D05,2025-12-24,13,1.8
D05,2025-12-25,12,1.93
D05,2025-12-26,11,1.42
D05,2025-12-27,4,2.98
D05,2025-12-28,13,2.23
D05,2025-12-29,9,2.46
D05,2025-12-30,14,1.32
D05,2025-12-31,5,3.62
D05,2026-01-01,6,3.66
D06,2025-10-04,13,2.02
D06,2025-10-05,10,3.58
D06,2025-10-06,13,3.54
D06,2025-10-07,10,2.79
D06,2025-10-08,11,3.37
D06,2025-10-09,13,3.36
D06,2025-10-10,9,1.98
D06,2025-10-11,12,3.99
D06,2025-10-12,13,3.29
D06,2025-10-13,13,2.5
D06,2025-10-14,6,2.6
D06,2025-10-15,9,2.52
D06,2025-10-16,9,3.13
D06,2025-10-17,8,3.82
D06,2025-10-18,10,2.84
D06,2025-10-19,6,1.04
D06,2025-10-20,14,1.97
D06,2025-10-21,4,2.36
D06,2025-10-22,10,2.6
D06,2025-10-23,5,1.22
D06,2025-10-24,9,2.1
D06,2025-10-25,8,1.17
D06,2025-10-26,13,2.59
D06,2025-10-27,9,1.85
D06,2025-10-28,12,3.05
D06,2025-10-29,12,3.49
D06,2025-10-30,5,1.65
D06,2025-10-31,11,1.26
D06,2025-11-01,7,1.09
D06,2025-11-02,8,1.94
D06,2025-11-03,4,2.26
D06,2025-11-04,13,1.36
D06,2025-11-05,4,3.68
D06,2025-11-06,7,2.6
D06,2025-11-07,8,1.08
D06,2025-11-08,8,1.6
D06,2025-11-09,5,1.71
D06,2025-11-10,6,3.91
D06,2025-11-11,10,1.71
D06,2025-11-12,4,1.34
D06,2025-11-13,8,3.95
D06,2025-11-14,9,1.48
D06,2025-11-15,8,1.11
D06,2025-11-16,6,1.88
D06,2025-11-17,5,1.52
D06,2025-11-18,10,1.28
D06,2025-11-19,11,3.55
D06,2025-11-20,9,2.07
D06,2025-11-21,5,1.02
D06,2025-11-22,7,1.07
D06,2025-11-23,13,2.63
D06,2025-11-24,9,1.22
D06,2025-11-25,6,3.76
D06,2025-11-26,4,3.82
D06,2025-11-27,11,1.1
D06,2025-11-28,7,2.1
D06,2025-11-29,12,3.92
D06,2025-11-30,5,3.37
D06,2025-12-01,7,2.11
D06,2025-12-02,13,1.71
D06,2025-12-03,9,3.94
D06,2025-12-04,14,2.85
D06,2025-12-05,11,3.21
D06,2025-12-06,8,3.54
D06,2025-12-07,8,1.96
D06,2025-12-08,6,3.88
D06,2025-12-09,9,2.24
D06,2025-12-10,8,2.75
D06,2025-12-11,13,3.24
D06,2025-12-12,10,3.03
D06,2025-12-13,5,1.73
D06,2025-12-14,14,1.12
D06,2025-12-15,13,1.56
D06,2025-12-16,4,3.04
D06,2025-12-17,8,2.08
D06,2025-12-18,9,1.9
D06,2025-12-19,12,1.13
D06,2025-12-20,4,3.26
D06,2025-12-21,8,2.33
D06,2025-12-22,4,2.64
D06,2025-12-23,14,2.92
D06,2025-12-24,11,1.62
D06,2025-12-25,4,1.53
D06,2025-12-26,5,1.45
D06,2025-12-27,8,3.78
D06,2025-12-28,11,4.0
D06,2025-12-29,9,1.42
D06,2025-12-30,6,2.76
D06,2025-12-31,10,1.74
D06,2026-01-01,8,1.83
D07,2025-10-04,13,1.86
D07,2025-10-05,7,3.12
D07,2025-10-06,12,2.08
D07,2025-10-07,5,3.32
D07,2025-10-08,9,2.68
D07,2025-10-09,11,3.02
D07,2025-10-10,4,2.59
D07,2025-10-11,4,1.54
D07,2025-10-12,5,3.85
D07,2025-10-13,5,1.81
D07,2025-10-14,6,3.52
D07,2025-10-15,7,2.07
D07,2025-10-16,13,1.51
D07,2025-10-17,14,2.07
D07,2025-10-18,5,3.91
D07,2025-10-19,9,2.79
D07,2025-10-20,10,1.58
D07,2025-10-21,7,1.51
D07,2025-10-22,6,3.72
D07,2025-10-23,11,3.27
D07,2025-10-24,11,3.93
D07,2025-10-25,6,2.06
D07,2025-10-26,5,1.9
D07,2025-10-27,9,3.3
D07,2025-10-28,4,3.14
D07,2025-10-29,13,3.51
D07,2025-10-30,9,3.73
D07,2025-10-31,10,3.84
D07,2025-11-01,4,1.67
D07,2025-11-02,13,1.27
D07,2025-11-03,11,2.44
D07,2025-11-04,13,2.57
D07,2025-11-05,12,1.59
D07,2025-11-06,13,3.88
D07,2025-11-07,6,3.8
D07,2025-11-08,10,1.13
D07,2025-11-09,5,3.73
D07,2025-11-10,4,2.09
D07,2025-11-11,7,1.51
D07,2025-11-12,5,2.18
D07,2025-11-13,10,3.54
D07,2025-11-14,13,2.72
D07,2025-11-15,5,2.24
D07,2025-11-16,4,3.99
D07,2025-11-17,9,2.06
D07,2025-11-18,6,3.66
D07,2025-11-19,11,3.86
D07,2025-11-20,4,2.02
D07,2025-11-21,14,1.34
D07,2025-11-22,5,3.83
D07,2025-11-23,12,2.12
D07,2025-11-24,4,3.77
D07,2025-11-25,6,1.14
D07,2025-11-26,8,2.3
D07,2025-11-27,9,1.72
D07,2025-11-28,5,2.41
D07,2025-11-29,9,1.37
D07,2025-11-30,7,2.93
D07,2025-12-01,12,2.61
D07,2025-12-02,11,3.28
D07,2025-12-03,6,1.3
D07,2025-12-04,8,3.41
D07,2025-12-05,13,3.72
D07,2025-12-06,5,2.68
D07,2025-12-07,5,2.6
D07,2025-12-08,14,3.5
D07,2025-12-09,11,3.37
D07,2025-12-10,11,2.16
D07,2025-12-11,6,2.26
D07,2025-12-12,8,2.41
D07,2025-12-13,9,2.05
D07,2025-12-14,12,1.33
D07,2025-12-15,13,3.79
D07,2025-12-16,8,3.55
D07,2025-12-17,9,2.26
D07,2025-12-18,9,3.96
D07,2025-12-19,14,1.92
D07,2025-12-20,9,1.22
D07,2025-12-21,9,1.24
D07,2025-12-22,7,3.9
D07,2025-12-23,4,2.04
D07,2025-12-24,8,2.07
D07,2025-12-25,4,1.3
D07,2025-12-26,4,2.5
D07,2025-12-27,10,2.63
D07,2025-12-28,9,3.52
D07,2025-12-29,10,3.71
D07,2025-12-30,7,3.03
D07,2025-12-31,12,3.53
D07,2026-01-01,13,1.1
D08,2025-10-04,5,1.63
D08,2025-10-05,12,3.0
D08,2025-10-06,5,3.28
D08,2025-10-07,8,3.95
D08,2025-10-08,13,3.61
D08,2025-10-09,12,2.32
D08,2025-10-10,6,1.83
D08,2025-10-11,11,3.15
D08,2025-10-12,5,1.81
D08,2025-10-13,9,2.81
D08,2025-10-14,13,3.48
D08,2025-10-15,12,1.62
D08,2025-10-16,5,3.8
D08,2025-10-17,4,1.82
D08,2025-10-18,7,3.93
D08,2025-10-19,4,1.7
D08,2025-10-20,6,1.03
D08,2025-10-21,4,2.2
D08,2025-10-22,8,3.02
D08,2025-10-23,9,2.9
D08,2025-10-24,4,1.82
D08,2025-10-25,10,3.19
D08,2025-10-26,11,3.97
D08,2025-10-27,14,1.88
D08,2025-10-28,9,3.69
D08,2025-10-29,10,2.04
D08,2025-10-30,11,1.39
D08,2025-10-31,12,3.24
D08,2025-11-01,6,1.58
D08,2025-11-02,5,3.15
D08,2025-11-03,9,3.88
D08,2025-11-04,6,1.56
D08,2025-11-05,13,3.88
D08,2025-11-06,5,1.98
D08,2025-11-07,12,1.41
D08,2025-11-08,13,3.55
D08,2025-11-09,14,2.62
D08,2025-11-10,7,1.43
D08,2025-11-11,9,3.31
D08,2025-11-12,12,2.86
D08,2025-11-13,8,3.37
D08,2025-11-14,11,3.64
D08,2025-11-15,11,2.69
D08,2025-11-16,4,1.7
D08,2025-11-17,5,3.83
D08,2025-11-18,6,2.65
D08,2025-11-19,13,1.19
D08,2025-11-20,12,1.66
D08,2025-11-21,4,2.14
D08,2025-11-22,11,2.05
D08,2025-11-23,8,2.71
D08,2025-11-24,12,1.64
D08,2025-11-25,9,3.65
D08,2025-11-26,9,2.9
D08,2025-11-27,7,1.53
D08,2025-11-28,14,1.06
D08,2025-11-29,8,1.92
D08,2025-11-30,8,1.56
D08,2025-12-01,7,1.68
D08,2025-12-02,13,1.31
D08,2025-12-03,5,1.38
D08,2025-12-04,12,3.66
D08,2025-12-05,12,1.84
D08,2025-12-06,14,2.71
D08,2025-12-07,13,2.98
D08,2025-12-08,6,2.71
D08,2025-12-09,14,1.89
D08,2025-12-10,5,3.5
D08,2025-12-11,11,1.55
D08,2025-12-12,10,2.96
D08,2025-12-13,13,3.59
D08,2025-12-14,13,3.82
D08,2025-12-15,12,2.18
D08,2025-12-16,8,1.74
D08,2025-12-17,12,1.13
D08,2025-12-18,12,3.43
D08,2025-12-19,13,3.47
D08,2025-12-20,6,1.89
D08,2025-12-21,4,2.29
D08,2025-12-22,5,3.0
D08,2025-12-23,5,1.78
D08,2025-12-24,14,3.56
D08,2025-12-25,4,1.06
D08,2025-12-26,12,3.03
D08,2025-12-27,8,3.99
D08,2025-12-28,11,2.77
D08,2025-12-29,5,1.77
D08,2025-12-30,8,2.22
D08,2025-12-31,5,2.12
D08,2026-01-01,7,3.69
D09,2025-10-04,11,1.49
D09,2025-10-05,9,1.01
D09,2025-10-06,10,3.56
D09,2025-10-07,7,3.36
D09,2025-10-08,12,2.86
D09,2025-10-09,11,1.7
D09,2025-10-10,12,3.7
D09,2025-10-11,5,3.44
D09,2025-10-12,14,3.29
D09,2025-10-13,5,1.48
D09,2025-10-14,13,1.24
D09,2025-10-15,14,2.34
D09,2025-10-16,14,3.62
D09,2025-10-17,13,2.88
D09,2025-10-18,8,3.2
D09,2025-10-19,10,2.21
D09,2025-10-20,4,3.81
D09,2025-10-21,6,2.65
D09,2025-10-22,4,2.44
D09,2025-10-23,10,3.19
D09,2025-10-24,7,3.06
D09,2025-10-25,4,1.8
D09,2025-10-26,12,3.08
D09,2025-10-27,4,3.65
D09,2025-10-28,6,3.52
D09,2025-10-29,8,2.91
D09,2025-10-30,7,1.11
D09,2025-10-31,4,1.62
D09,2025-11-01,8,2.38
D09,2025-11-02,8,2.53
D09,2025-11-03,8,3.64
D09,2025-11-04,6,1.94
D09,2025-11-05,8,3.51
D09,2025-11-06,7,3.14
D09,2025-11-07,5,3.39
D09,2025-11-08,5,1.61
D09,2025-11-09,12,2.68
D09,2025-11-10,11,3.81
D09,2025-11-11,11,2.56
D09,2025-11-12,9,1.61
D09,2025-11-13,14,2.47
D09,2025-11-14,9,3.57
D09,2025-11-15,12,2.18
D09,2025-11-16,5,3.24
D09,2025-11-17,14,2.13
D09,2025-11-18,11,3.66
D09,2025-11-19,8,3.45
D09,2025-11-20,13,3.4
D09,2025-11-21,10,2.79
D09,2025-11-22,10,2.48
D09,2025-11-23,5,3.5
D09,2025-11-24,10,2.63
D09,2025-11-25,11,3.97
D09,2025-11-26,11,2.78
D09,2025-11-27,6,1.55
D09,2025-11-28,6,3.2
D09,2025-11-29,8,2.97
D09,2025-11-30,4,1.63
D09,2025-12-01,7,1.7
D09,2025-12-02,14,2.79
D09,2025-12-03,12,2.0
D09,2025-12-04,11,2.51
D09,2025-12-05,8,1.28
D09,2025-12-06,7,2.72
D09,2025-12-07,5,3.59
D09,2025-12-08,11,1.1
D09,2025-12-09,6,2.85
D09,2025-12-10,6,3.34
D09,2025-12-11,6,1.71
D09,2025-12-12,6,3.83
D09,2025-12-13,8,2.98
D09,2025-12-14,12,2.34
D09,2025-12-15,12,1.1
D09,2025-12-16,4,3.78
D09,2025-12-17,5,3.44
D09,2025-12-18,6,1.68
D09,2025-12-19,10,2.52
D09,2025-12-20,14,1.17
D09,2025-12-21,5,2.66
D09,2025-12-22,5,2.66
D09,2025-12-23,14,3.06
D09,2025-12-24,10,2.78
D09,2025-12-25,5,3.56
D09,2025-12-26,14,3.24
D09,2025-12-27,8,1.62
D09,2025-12-28,12,2.65
D09,2025-12-29,5,3.81
D09,2025-12-30,12,1.77
D09,2025-12-31,7,2.23
D09,2026-01-01,6,3.99
D10,2025-10-04,13,3.01
D10,2025-10-05,10,3.58
D10,2025-10-06,13,3.62
D10,2025-10-07,6,1.25
D10,2025-10-08,12,2.21
D10,2025-10-09,13,3.95
D10,2025-10-10,8,3.59
D10,2025-10-11,14,3.4
D10,2025-10-12,9,1.79
D10,2025-10-13,13,2.41
D10,2025-10-14,5,1.16
D10,2025-10-15,6,3.67
D10,2025-10-16,13,3.04
D10,2025-10-17,8,1.39
D10,2025-10-18,4,3.58
D10,2025-10-19,6,2.04
D10,2025-10-20,8,2.61
D10,2025-10-21,5,3.19
D10,2025-10-22,9,3.41
D10,2025-10-23,10,1.43
D10,2025-10-24,6,1.27
D10,2025-10-25,11,2.19
D10,2025-10-26,12,2.07
D10,2025-10-27,9,1.95
D10,2025-10-28,14,3.44
D10,2025-10-29,4,1.68
D10,2025-10-30,11,1.76
D10,2025-10-31,9,3.55
D10,2025-11-01,13,3.16
D10,2025-11-02,10,3.8
D10,2025-11-03,14,2.96
D10,2025-11-04,14,2.78
D10,2025-11-05,11,2.45
D10,2025-11-06,9,3.02
D10,2025-11-07,11,3.66
D10,2025-11-08,5,3.32
D10,2025-11-09,5,2.08
D10,2025-11-10,7,3.83
D10,2025-11-11,12,1.48
D10,2025-11-12,14,1.71
D10,2025-11-13,6,2.27
D10,2025-11-14,10,1.47
D10,2025-11-15,7,2.23
D10,2025-11-16,14,2.82
D10,2025-11-17,14,1.17
D10,2025-11-18,9,2.71
D10,2025-11-19,11,2.42
D10,2025-11-20,4,1.6
D10,2025-11-21,4,1.44
D10,2025-11-22,8,3.05
D10,2025-11-23,5,1.93
D10,2025-11-24,2,9.34
D10,2025-11-25,0,10.48
D10,2025-11-26,1,6.8
D10,2025-11-27,0,10.48
D10,2025-11-28,0,8.25
D10,2025-11-29,1,6.69
D10,2025-11-30,0,7.79
D10,2025-12-01,1,11.24
D10,2025-12-02,2,8.45
D10,2025-12-03,1,9.66
D10,2025-12-04,2,8.51
D10,2025-12-05,0,6.72
D10,2025-12-06,0,11.62
D10,2025-12-07,2,9.97
D10,2025-12-08,0,10.51
D10,2025-12-09,1,7.59
D10,2025-12-10,0,10.13
D10,2025-12-11,0,6.63
D10,2025-12-12,1,9.87
D10,2025-12-13,2,8.29
D10,2025-12-14,1,10.32
D10,2025-12-15,2,9.12
D10,2025-12-16,1,11.81
D10,2025-12-17,0,6.01
D10,2025-12-18,0,9.55
D10,2025-12-19,0,10.34
D10,2025-12-20,1,7.21
D10,2025-12-21,2,11.12
D10,2025-12-22,2,7.5
D10,2025-12-23,0,6.09
D10,2025-12-24,1,8.83
D10,2025-12-25,2,9.23
D10,2025-12-26,1,7.71
D10,2025-12-27,0,10.47
D10,2025-12-28,0,6.98
D10,2025-12-29,2,11.4
D10,2025-12-30,1,7.72
D10,2025-12-31,1,9.35
D10,2026-01-01,1,9.73
D11,2025-10-04,12,3.66
D11,2025-10-05,5,3.82
D11,2025-10-06,5,3.53
D11,2025-10-07,5,1.9
D11,2025-10-08,5,1.54
D11,2025-10-09,11,1.0
D11,2025-10-10,11,3.38
D11,2025-10-11,12,2.35
D11,2025-10-12,4,3.29
D11,2025-10-13,13,2.42
D11,2025-10-14,9,3.43
D11,2025-10-15,8,1.68
D11,2025-10-16,7,1.22
D11,2025-10-17,4,2.29
D11,2025-10-18,9,2.42
D11,2025-10-19,5,2.68
D11,2025-10-20,10,3.94
D11,2025-10-21,11,3.81
D11,2025-10-22,14,1.45
D11,2025-10-23,7,1.93
D11,2025-10-24,12,1.57
D11,2025-10-25,9,1.95
D11,2025-10-26,14,3.36
D11,2025-10-27,5,3.7
D11,2025-10-28,13,1.43
D11,2025-10-29,8,1.66
D11,2025-10-30,9,1.51
D11,2025-10-31,8,3.86
D11,2025-11-01,8,3.42
D11,2025-11-02,12,2.02
D11,2025-11-03,6,1.75
D11,2025-11-04,4,3.17
D11,2025-11-05,9,3.73
D11,2025-11-06,11,3.61
D11,2025-11-07,5,3.36
D11,2025-11-08,8,3.04
D11,2025-11-09,10,1.28
D11,2025-11-10,13,2.09
D11,2025-11-11,11,1.39
D11,2025-11-12,14,1.24
D11,2025-11-13,5,1.75
D11,2025-11-14,4,1.95
D11,2025-11-15,13,2.72
D11,2025-11-16,4,1.29
D11,2025-11-17,13,2.39
D11,2025-11-18,4,2.45
D11,2025-11-19,12,1.42
D11,2025-11-20,12,3.37
D11,2025-11-21,9,3.58
D11,2025-11-22,11,2.78
D11,2025-11-23,8,3.12
D11,2025-11-24,4,3.44
D11,2025-11-25,13,1.77
D11,2025-11-26,4,3.64
D11,2025-11-27,5,2.01
D11,2025-11-28,11,2.71
D11,2025-11-29,6,1.62
D11,2025-11-30,6,3.99
D11,2025-12-01,13,1.77
D11,2025-12-02,5,1.84
D11,2025-12-03,10,1.67
D11,2025-12-04,10,3.35
D11,2025-12-05,14,3.22
D11,2025-12-06,14,1.16
D11,2025-12-07,12,2.89
D11,2025-12-08,5,1.38
D11,2025-12-09,5,1.79
D11,2025-12-10,9,3.73
D11,2025-12-11,5,2.78
D11,2025-12-12,8,1.03
D11,2025-12-13,9,1.11
D11,2025-12-14,12,1.38
D11,2025-12-15,8,2.3
D11,2025-12-16,9,1.37
D11,2025-12-17,11,3.73
D11,2025-12-18,5,1.94
D11,2025-12-19,12,2.77
D11,2025-12-20,9,3.45
D11,2025-12-21,7,2.47
D11,2025-12-22,5,1.36
D11,2025-12-23,7,1.74
D11,2025-12-24,8,2.8
D11,2025-12-25,11,2.61
D11,2025-12-26,14,1.22
D11,2025-12-27,9,3.67
D11,2025-12-28,7,2.2
D11,2025-12-29,4,2.55
D11,2025-12-30,12,3.98
D11,2025-12-31,4,2.29
D11,2026-01-01,10,3.89
D12,2025-10-04,12,3.26
D12,2025-10-05,11,3.21
D12,2025-10-06,6,3.94
D12,2025-10-07,5,1.48
D12,2025-10-08,6,3.18
D12,2025-10-09,8,3.1
D12,2025-10-10,8,1.41
D12,2025-10-11,6,1.44
D12,2025-10-12,10,3.37
D12,2025-10-13,14,3.96
D12,2025-10-14,8,2.8
D12,2025-10-15,12,3.61
D12,2025-10-16,4,1.85
D12,2025-10-17,5,2.57
D12,2025-10-18,14,3.44
D12,2025-10-19,8,1.89
D12,2025-10-20,11,3.5
D12,2025-10-21,14,3.17
D12,2025-10-22,8,1.04
D12,2025-10-23,14,2.85
D12,2025-10-24,14,1.97
D12,2025-10-25,11,1.93
D12,2025-10-26,4,2.96
D12,2025-10-27,14,1.69
D12,2025-10-28,7,2.55
D12,2025-10-29,13,1.79
D12,2025-10-30,11,3.85
D12,2025-10-31,6,2.4
D12,2025-11-01,10,3.36
D12,2025-11-02,13,3.76
D12,2025-11-03,4,1.04
D12,2025-11-04,13,1.05
D12,2025-11-05,13,1.76
D12,2025-11-06,14,3.17
D12,2025-11-07,7,2.66
D12,2025-11-08,4,1.14
D12,2025-11-09,14,1.37
D12,2025-11-10,5,1.37
D12,2025-11-11,14,2.56
D12,2025-11-12,11,3.51
D12,2025-11-13,13,2.13
D12,2025-11-14,5,2.55
D12,2025-11-15,6,3.57
D12,2025-11-16,6,3.13
D12,2025-11-17,14,1.42
D12,2025-11-18,10,1.15
D12,2025-11-19,4,2.42
D12,2025-11-20,8,3.28
D12,2025-11-21,4,3.21
D12,2025-11-22,8,3.8
D12,2025-11-23,9,1.14
D12,2025-11-24,0,10.48
D12,2025-11-25,0,9.35
D12,2025-11-26,0,6.23
D12,2025-11-27,0,6.37
D12,2025-11-28,2,9.55
D12,2025-11-29,1,9.9
D12,2025-11-30,0,6.42
D12,2025-12-01,1,7.86
D12,2025-12-02,1,7.1
D12,2025-12-03,2,9.72
D12,2025-12-04,0,11.17
D12,2025-12-05,2,7.46
D12,2025-12-06,1,6.56
D12,2025-12-07,0,9.91
D12,2025-12-08,1,11.51
D12,2025-12-09,2,8.56
D12,2025-12-10,2,7.14
D12,2025-12-11,2,10.22
D12,2025-12-12,2,11.82
D12,2025-12-13,0,10.29
D12,2025-12-14,0,11.5
D12,2025-12-15,2,8.41
D12,2025-12-16,0,8.18
D12,2025-12-17,2,8.17
D12,2025-12-18,0,11.85
D12,2025-12-19,0,7.34
D12,2025-12-20,2,11.58
D12,2025-12-21,2,10.11
D12,2025-12-22,1,7.23
D12,2025-12-23,2,8.03
D12,2025-12-24,2,11.37
D12,2025-12-25,0,9.9
D12,2025-12-26,1,9.6
D12,2025-12-27,0,6.24
D12,2025-12-28,1,7.2
D12,2025-12-29,1,8.38
D12,2025-12-30,0,7.55
D12,2025-12-31,2,11.76
D12,2026-01-01,0,10.1
D13,2025-10-04,10,1.85
D13,2025-10-05,4,1.31
D13,2025-10-06,6,1.09
D13,2025-10-07,9,1.57
D13,2025-10-08,7,1.22
D13,2025-10-09,6,2.27
D13,2025-10-10,8,2.66
D13,2025-10-11,12,2.2
D13,2025-10-12,9,2.51
D13,2025-10-13,6,2.96
D13,2025-10-14,10,1.61
D13,2025-10-15,4,3.75
D13,2025-10-16,9,3.85
D13,2025-10-17,12,3.4
D13,2025-10-18,5,3.49
D13,2025-10-19,13,1.76
D13,2025-10-20,9,2.01
D13,2025-10-21,12,2.72
D13,2025-10-22,14,1.06
D13,2025-10-23,11,2.33
D13,2025-10-24,5,3.46
D13,2025-10-25,8,1.53
D13,2025-10-26,6,1.65
D13,2025-10-27,13,2.04
D13,2025-10-28,10,1.49
D13,2025-10-29,6,2.82
D13,2025-10-30,13,2.26
D13,2025-10-31,12,1.23
D13,2025-11-01,13,1.96
D13,2025-11-02,4,3.31
D13,2025-11-03,8,2.23
D13,2025-11-04,13,1.05
D13,2025-11-05,4,1.08
D13,2025-11-06,13,2.88
D13,2025-11-07,14,3.41
D13,2025-11-08,6,2.01
D13,2025-11-09,9,1.58
D13,2025-11-10,10,3.02
D13,2025-11-11,11,1.8
D13,2025-11-12,11,3.02
D13,2025-11-13,4,1.6
D13,2025-11-14,9,3.54
D13,2025-11-15,8,3.47
D13,2025-11-16,4,1.44
D13,2025-11-17,10,3.31
D13,2025-11-18,5,3.67
D13,2025-11-19,6,2.42
D13,2025-11-20,11,3.69
D13,2025-11-21,5,3.89
D13,2025-11-22,12,2.34
D13,2025-11-23,4,1.63
D13,2025-11-24,11,1.83
D13,2025-11-25,5,2.82
D13,2025-11-26,11,1.44
D13,2025-11-27,7,2.78
D13,2025-11-28,6,2.15
D13,2025-11-29,5,2.69
D13,2025-11-30,11,2.89
D13,2025-12-01,11,3.92
D13,2025-12-02,13,1.56
D13,2025-12-03,9,3.24
D13,2025-12-04,7,1.33
D13,2025-12-05,4,1.12
D13,2025-12-06,11,2.66
D13,2025-12-07,10,3.91
D13,2025-12-08,6,2.58
D13,2025-12-09,11,3.07
D13,2025-12-10,5,3.1
D13,2025-12-11,5,1.87
D13,2025-12-12,13,3.35
D13,2025-12-13,9,1.05
D13,2025-12-14,5,1.75
D13,2025-12-15,14,1.56
D13,2025-12-16,8,3.49
D13,2025-12-17,8,1.56
D13,2025-12-18,9,3.81
D13,2025-12-19,9,1.97
D13,2025-12-20,9,1.21
D13,2025-12-21,14,3.96
D13,2025-12-22,5,1.42
D13,2025-12-23,6,2.94
D13,2025-12-24,7,3.02
D13,2025-12-25,11,1.77
D13,2025-12-26,12,1.34
D13,2025-12-27,8,2.48
D13,2025-12-28,9,1.09
D13,2025-12-29,4,1.86
D13,2025-12-30,4,2.4
D13,2025-12-31,13,1.35
D13,2026-01-01,9,1.95
D14,2025-10-04,9,3.06
D14,2025-10-05,7,3.66
D14,2025-10-06,7,3.12
D14,2025-10-07,13,1.67
D14,2025-10-08,12,2.53
D14,2025-10-09,6,1.18
D14,2025-10-10,13,2.4
D14,2025-10-11,11,2.92
D14,2025-10-12,12,1.74
D14,2025-10-13,13,1.51
D14,2025-10-14,7,1.96
D14,2025-10-15,12,3.64
D14,2025-10-16,6,3.0
D14,2025-10-17,6,3.1
D14,2025-10-18,7,1.28
D14,2025-10-19,5,3.05
D14,2025-10-20,5,2.49
D14,2025-10-21,6,3.83
D14,2025-10-22,12,3.61
D14,2025-10-23,11,2.06
D14,2025-10-24,10,3.45
D14,2025-10-25,10,3.33
D14,2025-10-26,12,3.8
D14,2025-10-27,12,2.76
D14,2025-10-28,11,1.12
D14,2025-10-29,10,1.28
D14,2025-10-30,14,3.94
D14,2025-10-31,12,2.04
D14,2025-11-01,10,2.3
D14,2025-11-02,6,1.7
D14,2025-11-03,7,1.89
D14,2025-11-04,4,1.05
D14,2025-11-05,10,1.18
D14,2025-11-06,13,2.38
D14,2025-11-07,6,1.27
D14,2025-11-08,4,2.85
D14,2025-11-09,4,3.17
D14,2025-11-10,11,2.4
D14,2025-11-11,4,2.72
D14,2025-11-12,9,3.44
D14,2025-11-13,13,2.07
D14,2025-11-14,5,2.37
D14,2025-11-15,6,3.78
D14,2025-11-16,12,1.12
D14,2025-11-17,5,3.88
D14,2025-11-18,9,3.64
D14,2025-11-19,6,2.17
D14,2025-11-20,14,1.41
D14,2025-11-21,6,1.47
D14,2025-11-22,12,3.57
D14,2025-11-23,11,3.1
D14,2025-11-24,2,8.65
D14,2025-11-25,2,9.87
D14,2025-11-26,2,9.24
D14,2025-11-27,2,10.14
D14,2025-11-28,0,6.01
D14,2025-11-29,1,7.93
D14,2025-11-30,0,10.23
D14,2025-12-01,2,7.89
D14,2025-12-02,1,11.57
D14,2025-12-03,2,9.5
D14,2025-12-04,1,11.03
D14,2025-12-05,1,7.05
D14,2025-12-06,2,7.25
D14,2025-12-07,1,8.6
D14,2025-12-08,2,6.57
D14,2025-12-09,1,10.06
D14,2025-12-10,1,8.55
D14,2025-12-11,0,8.55
D14,2025-12-12,2,11.13
D14,2025-12-13,0,9.2
D14,2025-12-14,2,7.8
D14,2025-12-15,1,11.7
D14,2025-12-16,1,10.99
D14,2025-12-17,0,8.59
D14,2025-12-18,2,11.41
D14,2025-12-19,1,10.98
D14,2025-12-20,2,7.26
D14,2025-12-21,2,11.01
D14,2025-12-22,0,11.39
D14,2025-12-23,1,9.0
D14,2025-12-24,1,10.62
D14,2025-12-25,2,10.19
D14,2025-12-26,2,9.04
D14,2025-12-27,2,8.93
D14,2025-12-28,1,9.41
D14,2025-12-29,2,6.17
D14,2025-12-30,0,10.01
D14,2025-12-31,1,10.43
D14,2026-01-01,2,6.42
D15,2025-10-04,4,3.93
D15,2025-10-05,12,1.74
D15,2025-10-06,6,1.12
D15,2025-10-07,10,2.12
D15,2025-10-08,4,3.34
D15,2025-10-09,6,1.68
D15,2025-10-10,4,1.01
D15,2025-10-11,4,3.32
D15,2025-10-12,8,1.47
D15,2025-10-13,9,1.37
D15,2025-10-14,5,1.54
D15,2025-10-15,11,3.42
D15,2025-10-16,9,1.61
D15,2025-10-17,4,3.04
D15,2025-10-18,12,2.19
D15,2025-10-19,5,2.31
D15,2025-10-20,11,1.06
D15,2025-10-21,7,3.8
D15,2025-10-22,7,3.63
D15,2025-10-23,11,2.13
D15,2025-10-24,7,1.07
D15,2025-10-25,5,2.11
D15,2025-10-26,10,3.96
D15,2025-10-27,4,2.23
D15,2025-10-28,11,1.97
D15,2025-10-29,10,1.46
D15,2025-10-30,14,2.99
D15,2025-10-31,10,2.32
D15,2025-11-01,4,1.92
D15,2025-11-02,9,3.36
D15,2025-11-03,9,3.96
D15,2025-11-04,9,2.48
D15,2025-11-05,7,3.95
D15,2025-11-06,14,3.84
D15,2025-11-07,4,3.03
D15,2025-11-08,13,1.45
D15,2025-11-09,5,2.27
D15,2025-11-10,7,3.09
D15,2025-11-11,5,2.37
D15,2025-11-12,9,1.28
D15,2025-11-13,6,1.28
D15,2025-11-14,4,1.78
D15,2025-11-15,5,1.99
D15,2025-11-16,8,1.07
D15,2025-11-17,6,3.86
D15,2025-11-18,14,2.82
D15,2025-11-19,7,3.83
D15,2025-11-20,12,1.77
D15,2025-11-21,6,3.33
D15,2025-11-22,8,3.34
D15,2025-11-23,8,3.12
D15,2025-11-24,0,9.14
D15,2025-11-25,1,8.01
D15,2025-11-26,0,11.06
D15,2025-11-27,2,8.73
D15,2025-11-28,0,6.21
D15,2025-11-29,0,9.97
D15,2025-11-30,2,7.24
D15,2025-12-01,1,10.98
D15,2025-12-02,0,11.55
D15,2025-12-03,0,9.87
D15,2025-12-04,0,10.41
D15,2025-12-05,2,10.85
D15,2025-12-06,2,6.06
D15,2025-12-07,0,6.64
D15,2025-12-08,0,11.9
D15,2025-12-09,2,6.31
D15,2025-12-10,0,8.58
D15,2025-12-11,0,9.56
D15,2025-12-12,1,7.57
D15,2025-12-13,2,6.24
D15,2025-12-14,0,6.47
D15,2025-12-15,1,8.63
D15,2025-12-16,2,10.8
D15,2025-12-17,0,7.35
D15,2025-12-18,0,9.77
D15,2025-12-19,0,6.5
D15,2025-12-20,0,11.82
D15,2025-12-21,1,9.34
D15,2025-12-22,0,9.23
D15,2025-12-23,0,8.96
D15,2025-12-24,1,8.28
D15,2025-12-25,0,6.05
D15,2025-12-26,0,6.24
D15,2025-12-27,0,8.95
D15,2025-12-28,1,11.38
D15,2025-12-29,2,11.15
D15,2025-12-30,1,6.26
D15,2025-12-31,2,10.32
D15,2026-01-01,2,8.14
D16,2025-10-04,14,2.02
D16,2025-10-05,5,3.66
D16,2025-10-06,7,1.44
D16,2025-10-07,13,2.05
D16,2025-10-08,8,3.96
D16,2025-10-09,13,2.49
D16,2025-10-10,10,1.5
D16,2025-10-11,4,1.51
D16,2025-10-12,9,1.51
D16,2025-10-13,8,2.23
D16,2025-10-14,8,1.34
D16,2025-10-15,5,3.31
D16,2025-10-16,9,2.09
D16,2025-10-17,12,1.73
D16,2025-10-18,5,3.96
D16,2025-10-19,8,3.56
D16,2025-10-20,8,2.76
D16,2025-10-21,9,3.3
D16,2025-10-22,6,3.98
D16,2025-10-23,13,2.63
D16,2025-10-24,13,3.07
D16,2025-10-25,5,3.42
D16,2025-10-26,8,1.79
D16,2025-10-27,8,1.24
D16,2025-10-28,5,2.14
D16,2025-10-29,7,3.02
D16,2025-10-30,8,2.22
D16,2025-10-31,8,3.15
D16,2025-11-01,12,1.63
D16,2025-11-02,11,1.56
D16,2025-11-03,9,1.66
D16,2025-11-04,6,2.85
D16,2025-11-05,8,2.17
D16,2025-11-06,13,3.84
D16,2025-11-07,7,2.04
D16,2025-11-08,10,1.99
D16,2025-11-09,8,1.15
D16,2025-11-10,6,1.85
D16,2025-11-11,8,2.41
D16,2025-11-12,10,2.08
D16,2025-11-13,6,3.97
D16,2025-11-14,12,3.53
D16,2025-11-15,9,1.31
D16,2025-11-16,5,2.14
D16,2025-11-17,7,1.51
D16,2025-11-18,4,1.46
D16,2025-11-19,11,3.87
D16,2025-11-20,7,1.04
D16,2025-11-21,9,3.83
D16,2025-11-22,14,2.12
D16,2025-11-23,12,2.49
D16,2025-11-24,9,2.54
D16,2025-11-25,6,2.08
D16,2025-11-26,9,3.1
D16,2025-11-27,8,2.57
D16,2025-11-28,10,1.43
D16,2025-11-29,4,2.91
D16,2025-11-30,4,2.83
D16,2025-12-01,8,2.0
D16,2025-12-02,8,2.96
D16,2025-12-03,10,1.55
D16,2025-12-04,9,2.01
D16,2025-12-05,6,2.57
D16,2025-12-06,14,2.7
D16,2025-12-07,11,2.7
D16,2025-12-08,4,3.91
D16,2025-12-09,12,3.55
D16,2025-12-10,13,2.71
D16,2025-12-11,9,2.65
D16,2025-12-12,10,2.98
D16,2025-12-13,12,2.38
D16,2025-12-14,11,1.19
D16,2025-12-15,13,3.48
D16,2025-12-16,11,1.45
D16,2025-12-17,6,3.67
D16,2025-12-18,11,2.28
D16,2025-12-19,4,1.55
D16,2025-12-20,7,3.1
D16,2025-12-21,9,1.43
D16,2025-12-22,4,1.42
D16,2025-12-23,5,1.54
D16,2025-12-24,9,1.13
D16,2025-12-25,14,2.92
D16,2025-12-26,8,3.34
D16,2025-12-27,4,1.14
D16,2025-12-28,13,3.58
D16,2025-12-29,9,1.27
D16,2025-12-30,7,2.78
D16,2025-12-31,11,3.46
D16,2026-01-01,14,2.45
D17,2025-10-04,11,1.64
D17,2025-10-05,14,3.97
D17,2025-10-06,11,3.97
D17,2025-10-07,6,1.91
D17,2025-10-08,12,1.27
D17,2025-10-09,4,3.3
D17,2025-10-10,10,2.89
D17,2025-10-11,10,2.74
D17,2025-10-12,11,1.03
D17,2025-10-13,14,3.03
D17,2025-10-14,7,2.05
D17,2025-10-15,14,3.93
D17,2025-10-16,11,3.69
D17,2025-10-17,6,2.04
D17,2025-10-18,6,2.39
D17,2025-10-19,4,1.17
D17,2025-10-20,12,1.83
D17,2025-10-21,11,2.96
D17,2025-10-22,12,3.64
D17,2025-10-23,10,2.72
D17,2025-10-24,8,2.81
D17,2025-10-25,10,3.59
D17,2025-10-26,14,1.74
D17,2025-10-27,4,2.6
D17,2025-10-28,13,1.8
D17,2025-10-29,6,2.85
D17,2025-10-30,13,3.85
D17,2025-10-31,8,3.64
D17,2025-11-01,13,2.92
D17,2025-11-02,8,1.66
D17,2025-11-03,12,2.11
D17,2025-11-04,10,3.7
D17,2025-11-05,8,1.09
D17,2025-11-06,14,3.05
D17,2025-11-07,11,2.33
D17,2025-11-08,12,3.37
D17,2025-11-09,7,2.61
D17,2025-11-10,9,2.21
D17,2025-11-11,14,1.61
D17,2025-11-12,7,2.95
D17,2025-11-13,5,2.5
D17,2025-11-14,7,2.88
D17,2025-11-15,13,3.64
D17,2025-11-16,13,2.66
D17,2025-11-17,7,2.22
D17,2025-11-18,10,2.21
D17,2025-11-19,14,1.07
D17,2025-11-20,4,1.92
D17,2025-11-21,13,3.37
D17,2025-11-22,10,1.92
D17,2025-11-23,9,3.28
D17,2025-11-24,2,10.72
D17,2025-11-25,2,10.98
D17,2025-11-26,2,8.35
D17,2025-11-27,2,10.84
D17,2025-11-28,0,7.82
D17,2025-11-29,0,7.7
D17,2025-11-30,2,7.22
D17,2025-12-01,1,9.44
D17,2025-12-02,2,9.25
D17,2025-12-03,1,8.12
D17,2025-12-04,0,9.04
D17,2025-12-05,1,7.53
D17,2025-12-06,2,7.61
D17,2025-12-07,2,11.8
D17,2025-12-08,2,6.32
D17,2025-12-09,2,9.2
D17,2025-12-10,1,9.2
D17,2025-12-11,1,8.63
D17,2025-12-12,0,11.37
D17,2025-12-13,1,10.76
D17,2025-12-14,0,9.68
D17,2025-12-15,1,8.23
D17,2025-12-16,0,11.49
D17,2025-12-17,0,10.19
D17,2025-12-18,0,9.12
D17,2025-12-19,1,9.21
D17,2025-12-20,1,11.82
D17,2025-12-21,0,6.96
D17,2025-12-22,1,6.91
D17,2025-12-23,2,6.11
D17,2025-12-24,2,7.13
D17,2025-12-25,1,8.14
D17,2025-12-26,0,8.02
D17,2025-12-27,0,11.55
D17,2025-12-28,2,8.6
D17,2025-12-29,0,11.41
D17,2025-12-30,2,6.63
D17,2025-12-31,2,8.46
D17,2026-01-01,0,11.24
D18,2025-10-04,14,2.32
D18,2025-10-05,9,1.42
D18,2025-10-06,13,3.17
D18,2025-10-07,10,1.82
D18,2025-10-08,4,3.65
D18,2025-10-09,9,2.7
D18,2025-10-10,9,3.78
D18,2025-10-11,10,2.52
D18,2025-10-12,5,1.2
D18,2025-10-13,10,2.61
D18,2025-10-14,12,2.42
D18,2025-10-15,10,3.04
D18,2025-10-16,12,3.22
D18,2025-10-17,5,1.05
D18,2025-10-18,14,3.81
D18,2025-10-19,5,3.91
D18,2025-10-20,8,3.64
D18,2025-10-21,11,1.4
D18,2025-10-22,5,3.32
D18,2025-10-23,9,3.67
D18,2025-10-24,4,1.26
D18,2025-10-25,8,1.93
D18,2025-10-26,12,2.09
D18,2025-10-27,7,3.02
D18,2025-10-28,14,2.62
D18,2025-10-29,8,1.87
D18,2025-10-30,10,2.17
D18,2025-10-31,13,3.19
D18,2025-11-01,12,1.57
D18,2025-11-02,6,3.82
D18,2025-11-03,5,1.69
D18,2025-11-04,4,1.87
D18,2025-11-05,8,1.39
D18,2025-11-06,9,3.91
D18,2025-11-07,7,1.29
D18,2025-11-08,14,2.5
D18,2025-11-09,5,3.99
D18,2025-11-10,10,3.72
D18,2025-11-11,11,2.09
D18,2025-11-12,6,1.66
D18,2025-11-13,7,2.01
D18,2025-11-14,8,1.84
D18,2025-11-15,7,1.63
D18,2025-11-16,13,2.52
D18,2025-11-17,13,3.67
D18,2025-11-18,12,3.41
D18,2025-11-19,4,2.35
D18,2025-11-20,8,3.43
D18,2025-11-21,7,3.1
D18,2025-11-22,14,3.79
D18,2025-11-23,6,1.52
D18,2025-11-24,2,7.35
D18,2025-11-25,0,9.88
D18,2025-11-26,2,9.48
D18,2025-11-27,1,10.1
D18,2025-11-28,0,8.19
D18,2025-11-29,0,7.29
D18,2025-11-30,2,8.4
D18,2025-12-01,2,10.29
D18,2025-12-02,1,8.13
D18,2025-12-03,1,9.01
D18,2025-12-04,0,9.02
D18,2025-12-05,1,8.5
D18,2025-12-06,2,7.28
D18,2025-12-07,1,7.91
D18,2025-12-08,0,10.14
D18,2025-12-09,1,7.4
D18,2025-12-10,1,10.45
D18,2025-12-11,1,6.74
D18,2025-12-12,2,7.17
D18,2025-12-13,0,7.5
D18,2025-12-14,2,11.3
D18,2025-12-15,2,10.93
D18,2025-12-16,2,6.09
D18,2025-12-17,0,10.91
D18,2025-12-18,0,7.69
D18,2025-12-19,0,11.65
D18,2025-12-20,1,11.34
D18,2025-12-21,2,6.45
D18,2025-12-22,2,7.22
D18,2025-12-23,0,9.39
D18,2025-12-24,0,11.37
D18,2025-12-25,1,6.41
D18,2025-12-26,1,8.38
D18,2025-12-27,0,6.05
D18,2025-12-28,1,8.37
D18,2025-12-29,0,8.09
D18,2025-12-30,0,7.23
D18,2025-12-31,1,7.75
D18,2026-01-01,0,9.04
D19,2025-10-04,8,1.21
D19,2025-10-05,7,3.83
D19,2025-10-06,10,3.22
D19,2025-10-07,10,2.18
D19,2025-10-08,4,3.34
D19,2025-10-09,7,3.21
D19,2025-10-10,11,2.77
D19,2025-10-11,11,3.76
D19,2025-10-12,11,1.75
D19,2025-10-13,7,1.8
D19,2025-10-14,13,2.37
D19,2025-10-15,14,1.38
D19,2025-10-16,12,3.73
D19,2025-10-17,5,3.78
D19,2025-10-18,6,3.83
D19,2025-10-19,9,3.5
D19,2025-10-20,8,2.1
D19,2025-10-21,7,2.46
D19,2025-10-22,4,3.88
D19,2025-10-23,9,3.65
D19,2025-10-24,4,1.15
D19,2025-10-25,8,2.36
D19,2025-10-26,7,1.12
D19,2025-10-27,7,3.35
D19,2025-10-28,8,3.62
D19,2025-10-29,8,1.4
D19,2025-10-30,9,2.82
D19,2025-10-31,5,2.51
D19,2025-11-01,11,2.21
D19,2025-11-02,6,1.31
D19,2025-11-03,12,1.48
D19,2025-11-04,9,2.29
D19,2025-11-05,8,3.01
D19,2025-11-06,13,2.81
D19,2025-11-07,4,3.67
D19,2025-11-08,4,1.63
D19,2025-11-09,13,3.66
D19,2025-11-10,13,2.63
D19,2025-11-11,8,2.08
D19,2025-11-12,12,3.22
D19,2025-11-13,10,2.37
D19,2025-11-14,9,3.97
D19,2025-11-15,14,2.64
D19,2025-11-16,12,3.38
D19,2025-11-17,8,3.67
D19,2025-11-18,11,3.56
D19,2025-11-19,4,2.43
D19,2025-11-20,14,1.59
D19,2025-11-21,4,3.27
D19,2025-11-22,14,2.7
D19,2025-11-23,13,1.15
D19,2025-11-24,9,2.19
D19,2025-11-25,9,3.24
D19,2025-11-26,7,1.25
D19,2025-11-27,14,3.23
D19,2025-11-28,6,1.77
D19,2025-11-29,9,2.51
D19,2025-11-30,8,3.31
D19,2025-12-01,6,1.51
D19,2025-12-02,6,1.8
D19,2025-12-03,7,1.1
D19,2025-12-04,11,2.53
D19,2025-12-05,14,2.91
D19,2025-12-06,4,3.07
D19,2025-12-07,11,3.5
D19,2025-12-08,4,3.77
D19,2025-12-09,5,1.3
D19,2025-12-10,11,1.94
D19,2025-12-11,13,2.96
D19,2025-12-12,13,2.1
D19,2025-12-13,12,2.22
D19,2025-12-14,14,1.12
D19,2025-12-15,7,3.05
D19,2025-12-16,4,3.42
D19,2025-12-17,11,1.26
D19,2025-12-18,10,3.61
D19,2025-12-19,14,3.92
D19,2025-12-20,10,1.06
D19,2025-12-21,4,1.03
D19,2025-12-22,6,3.15
D19,2025-12-23,8,1.2
D19,2025-12-24,5,2.34
D19,2025-12-25,7,3.3
D19,2025-12-26,9,3.61
D19,2025-12-27,6,2.62
D19,2025-12-28,6,3.67
D19,2025-12-29,7,1.52
D19,2025-12-30,7,1.42
D19,2025-12-31,6,3.6
D19,2026-01-01,5,2.32
D20,2025-10-04,4,1.33
D20,2025-10-05,10,1.28
D20,2025-10-06,8,1.58
D20,2025-10-07,11,3.08
D20,2025-10-08,4,2.85
D20,2025-10-09,4,2.1
D20,2025-10-10,10,3.8
D20,2025-10-11,10,1.23
D20,2025-10-12,10,1.67
D20,2025-10-13,10,1.13
D20,2025-10-14,11,3.7
D20,2025-10-15,12,2.18
D20,2025-10-16,12,2.41
D20,2025-10-17,11,2.42
D20,2025-10-18,7,1.63
D20,2025-10-19,7,3.42
D20,2025-10-20,9,2.34
D20,2025-10-21,11,2.82
D20,2025-10-22,10,2.92
D20,2025-10-23,9,2.97
D20,2025-10-24,8,2.78
D20,2025-10-25,14,1.91
D20,2025-10-26,8,3.01
D20,2025-10-27,9,2.4
D20,2025-10-28,10,2.2
D20,2025-10-29,6,2.68
D20,2025-10-30,13,3.65
D20,2025-10-31,5,1.38
D20,2025-11-01,10,2.75
D20,2025-11-02,9,2.34
D20,2025-11-03,9,3.23
D20,2025-11-04,6,2.41
D20,2025-11-05,5,1.65
D20,2025-11-06,9,3.01
D20,2025-11-07,13,1.33
D20,2025-11-08,12,2.79
D20,2025-11-09,13,1.11
D20,2025-11-10,7,2.32
D20,2025-11-11,4,2.93
D20,2025-11-12,13,2.4
D20,2025-11-13,10,3.14
D20,2025-11-14,10,2.49
D20,2025-11-15,5,1.09
D20,2025-11-16,13,2.95
D20,2025-11-17,9,1.08
D20,2025-11-18,14,1.81
D20,2025-11-19,14,3.37
D20,2025-11-20,4,3.77
D20,2025-11-21,14,3.07
D20,2025-11-22,4,3.13
D20,2025-11-23,9,1.18
D20,2025-11-24,13,1.34
D20,2025-11-25,9,2.79
D20,2025-11-26,13,3.86
D20,2025-11-27,13,3.23
D20,2025-11-28,12,3.04
D20,2025-11-29,4,2.22
D20,2025-11-30,10,1.77
D20,2025-12-01,9,3.04
D20,2025-12-02,11,3.2
D20,2025-12-03,5,1.38
D20,2025-12-04,6,1.48
D20,2025-12-05,6,1.59
D20,2025-12-06,5,2.16
D20,2025-12-07,6,1.51
D20,2025-12-08,7,2.45
D20,2025-12-09,10,1.92
D20,2025-12-10,10,3.78
D20,2025-12-11,13,1.98
D20,2025-12-12,8,2.57
D20,2025-12-13,7,2.68
D20,2025-12-14,12,1.53
D20,2025-12-15,6,2.56
D20,2025-12-16,13,1.03
D20,2025-12-17,5,1.26
D20,2025-12-18,5,1.64
D20,2025-12-19,6,3.94
D20,2025-12-20,14,1.73
D20,2025-12-21,12,2.14
D20,2025-12-22,11,3.74
D20,2025-12-23,7,2.82
D20,2025-12-24,11,2.91
D20,2025-12-25,7,1.05
D20,2025-12-26,14,1.58
D20,2025-12-27,14,1.47
D20,2025-12-28,12,3.39
D20,2025-12-29,8,1.53
D20,2025-12-30,12,1.27
D20,2025-12-31,14,2.61
D20,2026-01-01,14,3.64
D21,2025-10-04,13,2.58
D21,2025-10-05,11,1.88
D21,2025-10-06,7,1.79
D21,2025-10-07,7,3.6
D21,2025-10-08,12,3.98
D21,2025-10-09,10,2.39
D21,2025-10-10,7,1.44
D21,2025-10-11,9,1.04
D21,2025-10-12,6,2.27
D21,2025-10-13,14,2.86
D21,2025-10-14,8,2.17
D21,2025-10-15,11,1.31
D21,2025-10-16,13,3.89
D21,2025-10-17,12,3.38
D21,2025-10-18,8,3.68
D21,2025-10-19,6,2.63
D21,2025-10-20,14,3.74
D21,2025-10-21,10,1.57
D21,2025-10-22,7,3.43
D21,2025-10-23,4,2.09
D21,2025-10-24,7,1.1
D21,2025-10-25,9,2.75
D21,2025-10-26,4,2.83
D21,2025-10-27,5,3.01
D21,2025-10-28,14,3.81
D21,2025-10-29,13,2.93
D21,2025-10-30,8,3.5
D21,2025-10-31,7,3.51
D21,2025-11-01,12,1.89
D21,2025-11-02,9,3.22
D21,2025-11-03,6,2.23
D21,2025-11-04,7,2.82
D21,2025-11-05,14,3.26
D21,2025-11-06,12,3.34
D21,2025-11-07,4,2.22
D21,2025-11-08,7,2.07
D21,2025-11-09,13,1.89
D21,2025-11-10,5,3.54
D21,2025-11-11,14,2.18
D21,2025-11-12,4,2.61
D21,2025-11-13,4,2.21
D21,2025-11-14,10,3.92
D21,2025-11-15,11,2.05
D21,2025-11-16,9,2.18
D21,2025-11-17,4,3.07
D21,2025-11-18,7,3.08
D21,2025-11-19,7,1.66
D21,2025-11-20,14,3.97
D21,2025-11-21,7,1.68
D21,2025-11-22,4,3.63
D21,2025-11-23,7,1.23
D21,2025-11-24,5,2.3
D21,2025-11-25,5,1.2
D21,2025-11-26,4,3.1
D21,2025-11-27,14,1.84
D21,2025-11-28,7,3.51
D21,2025-11-29,6,1.09
D21,2025-11-30,11,2.22
D21,2025-12-01,10,3.01
D21,2025-12-02,13,1.15
D21,2025-12-03,6,1.68
D21,2025-12-04,9,1.06
D21,2025-12-05,9,1.51
D21,2025-12-06,12,1.83
D21,2025-12-07,5,2.92
D21,2025-12-08,8,2.76
D21,2025-12-09,12,2.4
D21,2025-12-10,5,3.5
D21,2025-12-11,6,1.05
D21,2025-12-12,11,2.41
D21,2025-12-13,10,3.12
D21,2025-12-14,9,1.09
D21,2025-12-15,7,1.01
D21,2025-12-16,8,3.5
D21,2025-12-17,10,1.5
D21,2025-12-18,13,1.68
D21,2025-12-19,5,2.35
D21,2025-12-20,13,2.47
D21,2025-12-21,13,3.75
D21,2025-12-22,9,2.6
D21,2025-12-23,10,2.88
D21,2025-12-24,12,1.96
D21,2025-12-25,10,1.15
D21,2025-12-26,12,2.72
D21,2025-12-27,4,3.53
D21,2025-12-28,4,3.58
D21,2025-12-29,9,1.64
D21,2025-12-30,6,2.2
D21,2025-12-31,6,2.87
D21,2026-01-01,8,1.12
D22,2025-10-04,12,2.19
D22,2025-10-05,6,3.16
D22,2025-10-06,6,1.65
D22,2025-10-07,14,3.67
D22,2025-10-08,12,3.14
D22,2025-10-09,12,3.83
D22,2025-10-10,14,3.49
D22,2025-10-11,9,2.4
D22,2025-10-12,8,2.9
D22,2025-10-13,4,3.48
D22,2025-10-14,8,1.43
D22,2025-10-15,5,3.76
D22,2025-10-16,14,2.1
D22,2025-10-17,12,2.59
D22,2025-10-18,9,1.65
D22,2025-10-19,6,1.46
D22,2025-10-20,14,3.38
D22,2025-10-21,10,3.8
D22,2025-10-22,4,2.31
D22,2025-10-23,13,1.53
D22,2025-10-24,9,1.93
D22,2025-10-25,10,1.37
D22,2025-10-26,13,3.65
D22,2025-10-27,11,1.31
D22,2025-10-28,6,1.45
D22,2025-10-29,7,2.2
D22,2025-10-30,13,2.07
D22,2025-10-31,5,3.37
D22,2025-11-01,4,1.65
D22,2025-11-02,10,3.81
D22,2025-11-03,5,1.49
D22,2025-11-04,11,2.99
D22,2025-11-05,5,1.86
D22,2025-11-06,4,1.12
D22,2025-11-07,9,2.79
D22,2025-11-08,12,3.6
D22,2025-11-09,11,1.18
D22,2025-11-10,14,1.1
D22,2025-11-11,11,3.7
D22,2025-11-12,7,3.09
D22,2025-11-13,9,2.79
D22,2025-11-14,12,1.98
D22,2025-11-15,14,1.93
D22,2025-11-16,13,1.03
D22,2025-11-17,14,2.7
D22,2025-11-18,13,2.48
D22,2025-11-19,13,2.5
D22,2025-11-20,9,3.68
D22,2025-11-21,5,3.6
D22,2025-11-22,12,1.68
D22,2025-11-23,7,3.11
D22,2025-11-24,11,3.45
D22,2025-11-25,10,3.73
D22,2025-11-26,12,3.48
D22,2025-11-27,13,3.69
D22,2025-11-28,5,2.83
D22,2025-11-29,10,3.37
D22,2025-11-30,8,3.33
D22,2025-12-01,9,2.96
D22,2025-12-02,13,2.53
D22,2025-12-03,5,3.65
D22,2025-12-04,9,2.64
D22,2025-12-05,14,3.02
D22,2025-12-06,5,1.27
D22,2025-12-07,5,2.84
D22,2025-12-08,12,1.57
D22,2025-12-09,11,3.45
D22,2025-12-10,12,1.99
D22,2025-12-11,5,2.03
D22,2025-12-12,6,2.62
D22,2025-12-13,12,2.07
D22,2025-12-14,7,2.22
D22,2025-12-15,10,2.38
D22,2025-12-16,8,2.28
D22,2025-12-17,4,1.7
D22,2025-12-18,9,2.09
D22,2025-12-19,13,2.09
D22,2025-12-20,11,3.3
D22,2025-12-21,4,2.68
D22,2025-12-22,14,1.56
D22,2025-12-23,11,1.32
D22,2025-12-24,10,3.68
D22,2025-12-25,12,1.1
D22,2025-12-26,4,1.26
D22,2025-12-27,11,1.87
D22,2025-12-28,7,1.87
D22,2025-12-29,14,1.02
D22,2025-12-30,11,2.09
D22,2025-12-31,5,3.71
D22,2026-01-01,4,1.39
D23,2025-10-04,5,3.13
D23,2025-10-05,6,3.95
D23,2025-10-06,9,1.26
D23,2025-10-07,12,2.37
D23,2025-10-08,14,1.79
D23,2025-10-09,9,1.46
D23,2025-10-10,8,2.96
D23,2025-10-11,9,3.98
D23,2025-10-12,13,2.25
D23,2025-10-13,7,3.23
D23,2025-10-14,6,2.11
D23,2025-10-15,12,2.93
D23,2025-10-16,5,1.73
D23,2025-10-17,13,2.47
D23,2025-10-18,4,1.31
D23,2025-10-19,4,2.28
D23,2025-10-20,14,3.76
D23,2025-10-21,7,3.22
D23,2025-10-22,10,3.72
D23,2025-10-23,8,1.92
D23,2025-10-24,5,3.39
D23,2025-10-25,12,1.8
D23,2025-10-26,13,2.54
D23,2025-10-27,12,3.86
D23,2025-10-28,9,3.62
D23,2025-10-29,11,3.64
D23,2025-10-30,6,2.98
D23,2025-10-31,11,2.73
D23,2025-11-01,11,2.45
D23,2025-11-02,14,1.76
D23,2025-11-03,12,2.19
D23,2025-11-04,8,2.9
D23,2025-11-05,9,3.95
D23,2025-11-06,4,1.62
D23,2025-11-07,11,1.23
D23,2025-11-08,13,1.1
D23,2025-11-09,14,1.2
D23,2025-11-10,12,1.01
D23,2025-11-11,12,1.34
D23,2025-11-12,14,1.39
D23,2025-11-13,4,2.71
D23,2025-11-14,14,1.6
D23,2025-11-15,6,3.9
D23,2025-11-16,13,1.25
D23,2025-11-17,5,1.63
D23,2025-11-18,11,1.39
D23,2025-11-19,12,2.43
D23,2025-11-20,8,3.15
D23,2025-11-21,12,1.81
D23,2025-11-22,12,3.99
D23,2025-11-23,5,1.93
D23,2025-11-24,6,2.37
D23,2025-11-25,10,4.0
D23,2025-11-26,6,2.59
D23,2025-11-27,7,3.78
D23,2025-11-28,6,3.19
D23,2025-11-29,8,2.43
D23,2025-11-30,14,2.01
D23,2025-12-01,6,3.65
D23,2025-12-02,11,2.1
D23,2025-12-03,7,2.39
D23,2025-12-04,8,2.46
D23,2025-12-05,8,2.22
D23,2025-12-06,7,2.9
D23,2025-12-07,6,3.5
D23,2025-12-08,10,3.7
D23,2025-12-09,7,3.69
D23,2025-12-10,5,2.25
D23,2025-12-11,4,3.82
D23,2025-12-12,10,2.81
D23,2025-12-13,9,1.59
D23,2025-12-14,12,1.08
D23,2025-12-15,8,3.31
D23,2025-12-16,10,1.72
D23,2025-12-17,5,1.6
D23,2025-12-18,12,2.19
D23,2025-12-19,7,3.42
D23,2025-12-20,4,2.13
D23,2025-12-21,4,1.33
D23,2025-12-22,11,3.15
D23,2025-12-23,12,3.08
D23,2025-12-24,7,2.55
D23,2025-12-25,5,2.87
D23,2025-12-26,10,1.17
D23,2025-12-27,6,2.18
D23,2025-12-28,12,1.59
D23,2025-12-29,4,2.58
D23,2025-12-30,8,3.44
D23,2025-12-31,14,1.91
D23,2026-01-01,5,3.59
D24,2025-10-04,11,3.46
D24,2025-10-05,6,2.77
D24,2025-10-06,14,3.28
D24,2025-10-07,10,3.37
D24,2025-10-08,14,1.48
D24,2025-10-09,11,1.7
D24,2025-10-10,6,2.65
D24,2025-10-11,4,3.05
D24,2025-10-12,11,1.25
D24,2025-10-13,14,2.76
D24,2025-10-14,11,1.37
D24,2025-10-15,9,2.87
D24,2025-10-16,12,2.5
D24,2025-10-17,6,1.36
D24,2025-10-18,4,3.82
D24,2025-10-19,9,3.82
D24,2025-10-20,11,2.26
D24,2025-10-21,6,1.33
D24,2025-10-22,14,2.65
D24,2025-10-23,8,1.7
D24,2025-10-24,8,3.38
D24,2025-10-25,7,1.0
D24,2025-10-26,11,1.1
D24,2025-10-27,4,3.27
D24,2025-10-28,13,3.21
D24,2025-10-29,13,3.12
D24,2025-10-30,6,3.3
D24,2025-10-31,12,2.61
D24,2025-11-01,14,1.15
D24,2025-11-02,7,3.17
D24,2025-11-03,11,2.22
D24,2025-11-04,13,3.35
D24,2025-11-05,11,2.15
D24,2025-11-06,13,2.52
D24,2025-11-07,8,1.77
D24,2025-11-08,5,3.25
D24,2025-11-09,5,2.28
D24,2025-11-10,13,2.62
D24,2025-11-11,11,3.04
D24,2025-11-12,14,2.92
D24,2025-11-13,7,2.28
D24,2025-11-14,11,1.26
D24,2025-11-15,7,2.85
D24,2025-11-16,11,2.15
D24,2025-11-17,12,3.51
D24,2025-11-18,12,2.96
D24,2025-11-19,14,1.35
D24,2025-11-20,10,1.32
D24,2025-11-21,13,2.66
D24,2025-11-22,7,1.41
D24,2025-11-23,10,2.35
D24,2025-11-24,1,10.47
D24,2025-11-25,1,8.23
D24,2025-11-26,2,6.29
D24,2025-11-27,0,11.39
D24,2025-11-28,2,9.89
D24,2025-11-29,1,7.4
D24,2025-11-30,2,6.2
D24,2025-12-01,0,6.59
D24,2025-12-02,1,7.52
D24,2025-12-03,0,8.36
D24,2025-12-04,0,7.5
D24,2025-12-05,1,7.54
D24,2025-12-06,2,10.79
D24,2025-12-07,2,7.71
D24,2025-12-08,1,10.87
D24,2025-12-09,0,7.26
D24,2025-12-10,2,11.22
D24,2025-12-11,1,6.79
D24,2025-12-12,0,9.89
D24,2025-12-13,0,7.66
D24,2025-12-14,1,7.07
D24,2025-12-15,2,8.61
D24,2025-12-16,1,10.18
D24,2025-12-17,2,7.05
D24,2025-12-18,1,7.41
D24,2025-12-19,0,6.32
D24,2025-12-20,2,9.99
D24,2025-12-21,0,10.36
D24,2025-12-22,2,10.28
D24,2025-12-23,0,6.39
D24,2025-12-24,2,7.23
D24,2025-12-25,0,11.21
D24,2025-12-26,1,11.17
D24,2025-12-27,2,6.5
D24,2025-12-28,2,10.88
D24,2025-12-29,0,7.55
D24,2025-12-30,0,7.02
D24,2025-12-31,1,8.99
D24,2026-01-01,0,6.77
D25,2025-10-04,8,3.68
D25,2025-10-05,14,2.04
D25,2025-10-06,10,3.82
D25,2025-10-07,14,1.2
D25,2025-10-08,8,2.39
D25,2025-10-09,11,2.02
D25,2025-10-10,12,2.77
D25,2025-10-11,14,3.32
D25,2025-10-12,4,2.59
D25,2025-10-13,4,2.99
D25,2025-10-14,10,1.76
D25,2025-10-15,7,1.42
D25,2025-10-16,13,3.55
D25,2025-10-17,11,3.99
D25,2025-10-18,6,3.81
D25,2025-10-19,6,3.96
D25,2025-10-20,11,1.77
D25,2025-10-21,7,1.55
D25,2025-10-22,5,3.78
D25,2025-10-23,13,1.14
D25,2025-10-24,14,1.98
D25,2025-10-25,14,3.49
D25,2025-10-26,11,2.26
D25,2025-10-27,7,1.03
D25,2025-10-28,12,2.89
D25,2025-10-29,7,1.1
D25,2025-10-30,4,2.14
D25,2025-10-31,4,1.54
D25,2025-11-01,4,2.48
D25,2025-11-02,5,2.05
D25,2025-11-03,4,3.8
D25,2025-11-04,10,2.69
D25,2025-11-05,11,3.56
D25,2025-11-06,8,3.22
D25,2025-11-07,8,2.19
D25,2025-11-08,5,1.37
D25,2025-11-09,11,2.14
D25,2025-11-10,14,1.98
D25,2025-11-11,13,2.11
D25,2025-11-12,11,1.66
D25,2025-11-13,13,1.43
D25,2025-11-14,4,2.88
D25,2025-11-15,10,1.61
D25,2025-11-16,4,3.87
D25,2025-11-17,10,3.27
D25,2025-11-18,7,2.02
D25,2025-11-19,9,1.99
D25,2025-11-20,9,1.79
D25,2025-11-21,10,1.32
D25,2025-11-22,7,3.34
D25,2025-11-23,11,1.11
D25,2025-11-24,6,1.71
D25,2025-11-25,9,2.65
D25,2025-11-26,8,1.86
D25,2025-11-27,12,3.58
D25,2025-11-28,10,3.97
D25,2025-11-29,14,1.98
D25,2025-11-30,13,1.43
D25,2025-12-01,4,2.22
D25,2025-12-02,4,3.92
D25,2025-12-03,8,1.52
D25,2025-12-04,12,3.11
D25,2025-12-05,6,1.82
D25,2025-12-06,6,1.43
D25,2025-12-07,5,2.64
D25,2025-12-08,5,1.07
D25,2025-12-09,9,2.47
D25,2025-12-10,8,3.84
D25,2025-12-11,8,1.84
D25,2025-12-12,12,3.84
D25,2025-12-13,13,3.28
D25,2025-12-14,5,1.24
D25,2025-12-15,12,2.67
D25,2025-12-16,5,2.72
D25,2025-12-17,8,2.33
D25,2025-12-18,10,1.79
D25,2025-12-19,5,2.14
D25,2025-12-20,14,1.71
D25,2025-12-21,7,2.16
D25,2025-12-22,9,2.53
D25,2025-12-23,10,3.76
D25,2025-12-24,11,2.4
D25,2025-12-25,7,1.2
D25,2025-12-26,9,1.48
D25,2025-12-27,9,2.06
D25,2025-12-28,10,3.68
D25,2025-12-29,4,3.24
D25,2025-12-30,9,3.94
D25,2025-12-31,9,3.15
D25,2026-01-01,6,1.22
D26,2025-10-04,8,3.89
D26,2025-10-05,13,1.32
D26,2025-10-06,10,2.72
D26,2025-10-07,6,3.67
D26,2025-10-08,10,3.71
D26,2025-10-09,4,3.88
D26,2025-10-10,7,2.42
D26,2025-10-11,8,3.92
D26,2025-10-12,8,1.58
D26,2025-10-13,14,2.57
D26,2025-10-14,7,3.57
D26,2025-10-15,6,2.01
D26,2025-10-16,13,1.88
D26,2025-10-17,9,1.62
D26,2025-10-18,12,3.96
D26,2025-10-19,4,2.87
D26,2025-10-20,9,2.47
D26,2025-10-21,13,2.71
D26,2025-10-22,9,3.43
D26,2025-10-23,5,2.98
D26,2025-10-24,10,3.24
D26,2025-10-25,6,1.77
D26,2025-10-26,11,2.38
D26,2025-10-27,10,2.29
D26,2025-10-28,7,3.25
D26,2025-10-29,4,3.47
D26,2025-10-30,7,3.43
D26,2025-10-31,9,1.93
D26,2025-11-01,10,1.33
D26,2025-11-02,12,2.69
D26,2025-11-03,7,3.59
D26,2025-11-04,12,1.11
D26,2025-11-05,14,3.09
D26,2025-11-06,14,2.7
D26,2025-11-07,7,3.99
D26,2025-11-08,13,2.58
D26,2025-11-09,5,3.27
D26,2025-11-10,4,3.18
D26,2025-11-11,8,2.06
D26,2025-11-12,12,3.96
D26,2025-11-13,5,1.07
D26,2025-11-14,4,2.13
D26,2025-11-15,11,1.36
D26,2025-11-16,13,2.31
D26,2025-11-17,12,3.07
D26,2025-11-18,6,3.8
D26,2025-11-19,10,2.83
D26,2025-11-20,6,1.8
D26,2025-11-21,6,1.25
D26,2025-11-22,5,3.65
D26,2025-11-23,8,1.53
D26,2025-11-24,2,9.85
D26,2025-11-25,0,10.67
D26,2025-11-26,1,8.18
D26,2025-11-27,1,6.86
D26,2025-11-28,0,11.94
D26,2025-11-29,2,11.02
D26,2025-11-30,0,8.89
D26,2025-12-01,1,9.87
D26,2025-12-02,1,10.91
D26,2025-12-03,1,10.14
D26,2025-12-04,2,7.96
D26,2025-12-05,2,11.88
D26,2025-12-06,0,7.73
D26,2025-12-07,1,8.83
D26,2025-12-08,2,9.87
D26,2025-12-09,2,6.7
D26,2025-12-10,2,6.1
D26,2025-12-11,0,9.98
D26,2025-12-12,1,8.83
D26,2025-12-13,1,6.28
D26,2025-12-14,2,8.39
D26,2025-12-15,2,6.37
D26,2025-12-16,0,8.82
D26,2025-12-17,1,11.62
D26,2025-12-18,0,7.5
D26,2025-12-19,0,7.4
D26,2025-12-20,0,10.08
D26,2025-12-21,1,11.44
D26,2025-12-22,2,9.17
D26,2025-12-23,0,8.28
D26,2025-12-24,0,7.24
D26,2025-12-25,2,10.48
D26,2025-12-26,2,7.74
D26,2025-12-27,0,6.34
D26,2025-12-28,1,6.67
D26,2025-12-29,2,8.59
D26,2025-12-30,2,6.89
D26,2025-12-31,0,6.67
D26,2026-01-01,0,8.47
D27,2025-10-04,8,3.68
D27,2025-10-05,13,1.04
D27,2025-10-06,9,3.55
D27,2025-10-07,12,1.47
D27,2025-10-08,14,3.66
D27,2025-10-09,12,1.47
D27,2025-10-10,9,2.7
D27,2025-10-11,5,3.12
D27,2025-10-12,14,2.18
D27,2025-10-13,8,1.2
D27,2025-10-14,10,3.33
D27,2025-10-15,12,2.63
D27,2025-10-16,7,1.98
D27,2025-10-17,13,2.26
D27,2025-10-18,12,2.91
D27,2025-10-19,14,2.26
D27,2025-10-20,13,2.95
D27,2025-10-21,8,2.96
D27,2025-10-22,4,1.65
D27,2025-10-23,12,2.75
D27,2025-10-24,10,3.58
D27,2025-10-25,13,1.75
D27,2025-10-26,9,2.39
D27,2025-10-27,13,2.35
D27,2025-10-28,9,3.65
D27,2025-10-29,7,3.05
D27,2025-10-30,6,1.37
D27,2025-10-31,13,3.01
D27,2025-11-01,13,2.68
D27,2025-11-02,12,1.82
D27,2025-11-03,14,2.88
D27,2025-11-04,7,3.7
D27,2025-11-05,4,3.13
D27,2025-11-06,14,2.9
D27,2025-11-07,14,2.75
D27,2025-11-08,10,1.81
D27,2025-11-09,11,3.93
D27,2025-11-10,12,1.53
D27,2025-11-11,11,3.81
D27,2025-11-12,6,1.69
D27,2025-11-13,12,2.78
D27,2025-11-14,12,1.73
D27,2025-11-15,14,2.28
D27,2025-11-16,13,2.94
D27,2025-11-17,7,1.37
D27,2025-11-18,9,3.94
D27,2025-11-19,10,3.1
D27,2025-11-20,11,2.08
D27,2025-11-21,4,1.54
D27,2025-11-22,11,1.14
D27,2025-11-23,4,3.86
D27,2025-11-24,13,3.71
D27,2025-11-25,6,3.47
D27,2025-11-26,5,3.89
D27,2025-11-27,7,3.16
D27,2025-11-28,10,3.48
D27,2025-11-29,12,2.67
D27,2025-11-30,13,2.92
D27,2025-12-01,8,3.89
D27,2025-12-02,5,2.81
D27,2025-12-03,4,1.6
D27,2025-12-04,11,3.95
D27,2025-12-05,9,2.17
D27,2025-12-06,4,3.56
D27,2025-12-07,13,2.02
D27,2025-12-08,9,2.21
D27,2025-12-09,4,1.71
D27,2025-12-10,4,3.08
D27,2025-12-11,10,3.21
D27,2025-12-12,11,1.96
D27,2025-12-13,12,3.16
D27,2025-12-14,12,2.9
D27,2025-12-15,7,2.98
D27,2025-12-16,10,2.24
D27,2025-12-17,6,3.87
D27,2025-12-18,8,1.19
D27,2025-12-19,8,2.01
D27,2025-12-20,9,2.04
D27,2025-12-21,12,3.8
D27,2025-12-22,9,3.23
D27,2025-12-23,13,1.64
D27,2025-12-24,14,3.65
D27,2025-12-25,11,3.72
D27,2025-12-26,6,3.42
D27,2025-12-27,8,2.76
D27,2025-12-28,11,2.94
D27,2025-12-29,4,3.94
D27,2025-12-30,14,1.11
D27,2025-12-31,12,1.41
D27,2026-01-01,5,1.59
D28,2025-10-04,8,3.31
D28,2025-10-05,4,1.29
D28,2025-10-06,4,3.73
D28,2025-10-07,14,3.02
D28,2025-10-08,10,2.25
D28,2025-10-09,5,2.16
D28,2025-10-10,10,2.02
D28,2025-10-11,6,1.67
D28,2025-10-12,13,1.45
D28,2025-10-13,10,2.32
D28,2025-10-14,12,2.89
D28,2025-10-15,6,1.73
D28,2025-10-16,8,1.97
D28,2025-10-17,13,3.19
D28,2025-10-18,5,1.04
D28,2025-10-19,7,3.39
D28,2025-10-20,14,3.88
D28,2025-10-21,12,3.95
D28,2025-10-22,10,3.35
D28,2025-10-23,14,1.02
D28,2025-10-24,8,3.81
D28,2025-10-25,5,1.88
D28,2025-10-26,13,3.24
D28,2025-10-27,8,2.94
D28,2025-10-28,9,1.91
D28,2025-10-29,5,2.05
D28,2025-10-30,8,2.11
D28,2025-10-31,11,1.0
D28,2025-11-01,4,2.86
D28,2025-11-02,11,3.24
D28,2025-11-03,5,2.57
D28,2025-11-04,5,3.25
D28,2025-11-05,7,2.69
D28,2025-11-06,4,1.24
D28,2025-11-07,9,2.52
D28,2025-11-08,6,3.88
D28,2025-11-09,11,1.93
D28,2025-11-10,7,2.22
D28,2025-11-11,13,2.05
D28,2025-11-12,9,3.38
D28,2025-11-13,4,1.1
D28,2025-11-14,4,2.12
D28,2025-11-15,14,2.17
D28,2025-11-16,4,3.62
D28,2025-11-17,9,1.54
D28,2025-11-18,4,2.76
D28,2025-11-19,11,2.14
D28,2025-11-20,4,2.26
D28,2025-11-21,13,2.15
D28,2025-11-22,4,3.29
D28,2025-11-23,12,2.59
D28,2025-11-24,0,8.57
D28,2025-11-25,1,9.6
D28,2025-11-26,1,6.8
D28,2025-11-27,1,10.41
D28,2025-11-28,2,10.03
D28,2025-11-29,0,9.83
D28,2025-11-30,1,7.51
D28,2025-12-01,2,11.07
D28,2025-12-02,1,7.04
D28,2025-12-03,0,6.74
D28,2025-12-04,1,11.84
D28,2025-12-05,2,11.71
D28,2025-12-06,1,10.21
D28,2025-12-07,1,8.58
D28,2025-12-08,2,11.21
D28,2025-12-09,2,7.43
D28,2025-12-10,1,7.6
D28,2025-12-11,0,11.4
D28,2025-12-12,2,9.91
D28,2025-12-13,1,9.65
D28,2025-12-14,0,9.38
D28,2025-12-15,0,9.9
D28,2025-12-16,2,9.67
D28,2025-12-17,0,10.49
D28,2025-12-18,2,7.55
D28,2025-12-19,0,8.46
D28,2025-12-20,1,9.13
D28,2025-12-21,0,7.48
D28,2025-12-22,0,9.59
D28,2025-12-23,2,11.08
D28,2025-12-24,0,7.75
D28,2025-12-25,2,11.02
D28,2025-12-26,0,7.56
D28,2025-12-27,0,9.97
D28,2025-12-28,1,10.35
D28,2025-12-29,1,7.32
D28,2025-12-30,0,8.37
D28,2025-12-31,1,6.94
D28,2026-01-01,0,7.96
D29,2025-10-04,9,1.49
D29,2025-10-05,6,2.23
D29,2025-10-06,9,2.15
D29,2025-10-07,10,1.06
D29,2025-10-08,7,3.16
D29,2025-10-09,14,3.97
D29,2025-10-10,5,2.93
D29,2025-10-11,13,1.74
D29,2025-10-12,6,1.45
D29,2025-10-13,8,3.51
D29,2025-10-14,8,2.14
D29,2025-10-15,10,1.21
D29,2025-10-16,8,2.74
D29,2025-10-17,6,3.45
D29,2025-10-18,10,2.7
D29,2025-10-19,5,2.13
D29,2025-10-20,13,1.05
D29,2025-10-21,10,1.25
D29,2025-10-22,9,3.67
D29,2025-10-23,13,3.78
D29,2025-10-24,6,3.17
D29,2025-10-25,7,2.3
D29,2025-10-26,13,2.14
D29,2025-10-27,14,3.9
D29,2025-10-28,7,2.51
D29,2025-10-29,7,1.91
D29,2025-10-30,8,2.85
D29,2025-10-31,13,2.19
D29,2025-11-01,12,1.29
D29,2025-11-02,6,3.02
D29,2025-11-03,11,1.89
D29,2025-11-04,10,2.1
D29,2025-11-05,14,3.4
D29,2025-11-06,8,2.28
D29,2025-11-07,7,2.11
D29,2025-11-08,7,3.77
D29,2025-11-09,4,1.64
D29,2025-11-10,10,2.66
D29,2025-11-11,9,2.32
D29,2025-11-12,5,2.41
D29,2025-11-13,6,2.87
D29,2025-11-14,9,3.77
D29,2025-11-15,9,2.34
D29,2025-11-16,10,1.11
D29,2025-11-17,14,1.82
D29,2025-11-18,14,2.9
D29,2025-11-19,9,3.82
D29,2025-11-20,14,3.65
D29,2025-11-21,7,2.89
D29,2025-11-22,11,3.42
D29,2025-11-23,13,2.23
D29,2025-11-24,13,1.05
D29,2025-11-25,10,2.15
D29,2025-11-26,6,2.18
D29,2025-11-27,9,2.27
D29,2025-11-28,13,3.28
D29,2025-11-29,9,3.96
D29,2025-11-30,7,2.55
D29,2025-12-01,13,1.16
D29,2025-12-02,8,1.97
D29,2025-12-03,10,2.15
D29,2025-12-04,12,3.08
D29,2025-12-05,10,3.84
D29,2025-12-06,6,1.22
D29,2025-12-07,11,2.6
D29,2025-12-08,9,1.58
D29,2025-12-09,14,1.31
D29,2025-12-10,13,2.53
D29,2025-12-11,9,1.47
D29,2025-12-12,5,2.57
D29,2025-12-13,11,1.13
D29,2025-12-14,5,3.99
D29,2025-12-15,9,3.86
D29,2025-12-16,13,3.23
D29,2025-12-17,10,1.46
D29,2025-12-18,14,3.19
D29,2025-12-19,12,1.49
D29,2025-12-20,14,1.81
D29,2025-12-21,10,3.0
D29,2025-12-22,9,2.82
D29,2025-12-23,5,3.55
D29,2025-12-24,7,2.31
D29,2025-12-25,10,1.13
D29,2025-12-26,4,2.92
D29,2025-12-27,7,2.96
D29,2025-12-28,12,2.57
D29,2025-12-29,6,1.16
D29,2025-12-30,6,3.96
D29,2025-12-31,12,1.87
D29,2026-01-01,4,2.21
D30,2025-10-04,9,3.05
D30,2025-10-05,6,2.25
D30,2025-10-06,13,2.66
D30,2025-10-07,4,1.63
D30,2025-10-08,14,2.41
D30,2025-10-09,11,2.04
D30,2025-10-10,4,2.24
D30,2025-10-11,7,1.77
D30,2025-10-12,13,2.01
D30,2025-10-13,12,3.09
D30,2025-10-14,14,3.85
D30,2025-10-15,8,3.44
D30,2025-10-16,6,1.45
D30,2025-10-17,6,2.45
D30,2025-10-18,9,1.43
D30,2025-10-19,11,3.2
D30,2025-10-20,7,1.88
D30,2025-10-21,12,1.68
D30,2025-10-22,13,1.29
D30,2025-10-23,7,2.54
D30,2025-10-24,4,1.43
D30,2025-10-25,7,2.05
D30,2025-10-26,14,2.95
D30,2025-10-27,10,1.5
D30,2025-10-28,9,2.48
D30,2025-10-29,4,2.79
D30,2025-10-30,9,3.84
D30,2025-10-31,8,1.76
D30,2025-11-01,4,1.09
D30,2025-11-02,11,3.82
D30,2025-11-03,5,2.85
D30,2025-11-04,10,2.7
D30,2025-11-05,7,2.36
D30,2025-11-06,7,1.07
D30,2025-11-07,14,3.29
D30,2025-11-08,5,3.61
D30,2025-11-09,11,1.69
D30,2025-11-10,5,2.88
D30,2025-11-11,5,3.38
D30,2025-11-12,9,3.04
D30,2025-11-13,14,1.93
D30,2025-11-14,4,3.25
D30,2025-11-15,14,3.44
D30,2025-11-16,10,2.85
D30,2025-11-17,5,3.26
D30,2025-11-18,11,2.19
D30,2025-11-19,4,2.65
D30,2025-11-20,7,3.16
D30,2025-11-21,7,1.81
D30,2025-11-22,14,3.52
D30,2025-11-23,14,2.63
D30,2025-11-24,4,3.15
D30,2025-11-25,13,1.7
D30,2025-11-26,6,3.35
D30,2025-11-27,9,1.45
D30,2025-11-28,11,2.44
D30,2025-11-29,9,1.87
D30,2025-11-30,12,1.17
D30,2025-12-01,12,2.54
D30,2025-12-02,4,3.22
D30,2025-12-03,4,3.17
D30,2025-12-04,13,2.82
D30,2025-12-05,11,1.59
D30,2025-12-06,14,2.48
D30,2025-12-07,7,1.97
D30,2025-12-08,12,3.78
D30,2025-12-09,10,1.8
D30,2025-12-10,6,1.89
D30,2025-12-11,14,1.94
D30,2025-12-12,5,1.7
D30,2025-12-13,13,3.29
D30,2025-12-14,8,3.41
D30,2025-12-15,12,3.4
D30,2025-12-16,9,2.13
D30,2025-12-17,7,1.16
D30,2025-12-18,14,2.38
D30,2025-12-19,4,3.75
D30,2025-12-20,13,3.5
D30,2025-12-21,5,2.29
D30,2025-12-22,10,3.72
D30,2025-12-23,14,1.28
D30,2025-12-24,9,1.65
D30,2025-12-25,14,2.31
D30,2025-12-26,13,1.33
D30,2025-12-27,12,3.63
D30,2025-12-28,9,1.74
D30,2025-12-29,6,1.58
D30,2025-12-30,13,2.47
D30,2025-12-31,10,1.73
D30,2026-01-01,5,3.7